Crash Id,Calendar Year,FDOT Crash Number,Reporting Agency Case Number,Reporting Agency Type,FDOT Managing District,County Name,Crash Date,Crash Time,Day,DHSMV City,Crash Report City Code,In Town,On Roadway Name,Int Roadway Name,Reference Distance (Miles),Reference Direction,Officer Latitude,Officer Longitude,FDOT Latitude,FDOT Longitude,FDOT Roadway,Nearest Inventory MP,Nearest Node From Crash,State Road #,US Highway,Crash Side of Road,Accident Lane Number,Travel Direction Vehicle 1,FDOT Road Category,DHSMV Road System Id,Relation to Junction,Crash Harmful Event Location,Intersection Type,Shoulder Type,FDOT Roadway SKID Test Result,FDOT Roadway SKID Test Date,Functional Class,RCI Surface Width,RCI Shoulder Type First,RCI Shoulder Width First,RCI Shoulder Type Second,RCI Shoulder Width Second,RCI Shoulder Type Third,RCI Shoulder Width Third,RCI Median Width,Avg Daily Traffic,AADT Source,RCI Avg Per Truck Traffic,RCI Horiz Curve Condition,Posted Speed Limit,Highest Injury in Crash,CAR Status Code,Alcohols/Drug Involved,Site Location,Lighting,Weather,Road Surface,Roadway Grade,Roadway Alignment,Traffic Way Vehicle 1,Traffic Way Vehicle 2,Traffic Control Vehicle 1,Traffic Control Vehicle 2,Count of Lanes,Road Condition 1,Road Condition 2,Road Condition 3,Environment Condition 1,Environment Condition 2,Environment Condition 3,Crash Harmful Event,Manner of Collision,Vehicle Movement,Driver Action Vehicle 1,Driver Action Vehicle 2,Location Within Workzone,Type of Workzone,Workers Present in Workzone,Law Enforcement Present in Workzone,School Bus Related,Count of Nonfatal Injuries,Count of Traffic Fatalities,Count of Serious Injuries,Count of Pedestrians,Count of Drivers,Count of Bicyclists,Count of Vehicles,Count of Persons,Wrong Way,Workzone Inv,Commercial Vehicle Inv,Intersection Inv,Lane Departure,Speeding,Agressive Driving,Impaired Driver,Impaired Pedestrian,Impaired Bicyclist,Distracted Driver,Speeding or Aggressive Driving,Pedestrian Related,Bicyclist Related,Pedestrian or Bicyclist Related,Motorcycle Inv,No Belt,No Belt - Ages 1-4,No Belt - Ages 5-12,No Belt - Ages 13-17,Driver - Ages Teen,Driver - Ages 65 plus,Driver - Ages 65-69,Driver - Ages 70-74,Driver - Ages 75-79,Driver - Ages 80 plus,ARBM Latitude,ARBM Longitude,UTM Zone 17N X,UTM Zone 17N Y,ARBM Side of Road,Urban Rural Indicator,GIS Street Source,Extract Date,OBJECTID,x,y
2014838179270,2014,838179270,LWRC14OFF001827,FLORIDA HIGHWAY PATROL,04 FOURTH,PALM BEACH,"September 25, 2014",1050,FRIDAY,9394 WEST PALM BEACH,0694,Y,I 95,AIRPORT,0.114,N,26.6871927,-80.0681927,26.6819261,-80.0702241,93220157,0.614,04918,SR 9,I 95,L LEFT,X RAMP,S SOUTH,07 RAMP URBAN,01 INTERSTATE,14 ENTRANCE/EXIT RAMP,03 SHOULDER,01 NOT AT INTERSECTION,01 PAVED,0,"December 31, 2000",,25,PAVED,10,OTHER,2,,0,,11500,RCI,3.6,,,3 NO-INCAPACITATING INJURY,31 Q/C COMPLETED - LOC VERIFIED,0 NO,07 ENTRANCE RAMP,01 DAYLIGHT,02 CLOUDY,02 WET,04 DOWNHILL,2 CURVE RIGHT,ONE-WAY TRAFFICWAY,,NO CONTROLS,NOT CODED,2,NONE,NOT CODED,NOT CODED,NONE,NOT CODED,NOT CODED,30 CONCRETE TRAFFIC BARRIER,88 UNKNOWN,01 STRAIGHT AHEAD,NO CONTRIBUTING ACTION,NOT CODED,00 NOT CODED,00 NOT CODED,00 NOT CODED,00 NOT CODED,01 NO,1,0,0,0,1,0,1,1,N,N,N,N,Y,N,N,N,N,N,N,N,N,N,N,N,N,N,N,N,N,N,N,N,N,N,26.681923502,-80.070231804,592507.689216,2951543.197763,O,,ARBM15Q1R2,"February 27, 2022",633826,-8913377.729291726,3083788.8015925693
2014838183320,2014,838183320,FHPK14OFF067959,FLORIDA HIGHWAY PATROL,08 TURNPIKE,PALM BEACH,"December 12, 2014",0240,SATURDAY,9394 WEST PALM BEACH,0694,N,SR 91,SR 80,0.5,S,26.65706,-80.1741399,26.6720689,-80.1712993,93470000,23.735,01492,SR 91,,L LEFT,S SIDE OF ROAD,S SOUTH,03 TOLL ROAD URBAN,06 TURNPIKE/TOLL,01 NON-JUNCTION,02 OFF ROADWAY,01 NOT AT INTERSECTION,01 PAVED,34,"June 4, 2014",12 URBAN PRIN ART EXPR.,24,PAVED WARN,10,LAWN,12,,0,20,67000,RCI,9,0D4500,70,1 NO INJURY,31 Q/C COMPLETED - LOC VERIFIED,0 NO,01 NOT AT INTERSECTION/RRX/BRIDGE,05 DARK-NOT LIGHTED,01 CLEAR,01 DRY,01 LEVEL,1 STRAIGHT,"TWO-WAY, DIVIDED, POSITIVE MED",,NO CONTROLS,NOT CODED,4,NONE,NOT CODED,NOT CODED,NONE,NOT CODED,NOT CODED,29 CABLE BARRIER,77 OTHER (SEE NARRATIVE),01 STRAIGHT AHEAD,RAN OFF ROADWAY,NOT CODED,00 NOT CODED,00 NOT CODED,00 NOT CODED,00 NOT CODED,01 NO,0,0,0,0,1,0,1,1,N,N,N,N,Y,N,N,N,N,N,Y,N,N,N,N,N,N,N,N,N,N,N,N,N,N,N,26.671785599,-80.171624994,582426.370712,2950350.802144,L,,ARBM15Q1R2,"February 27, 2022",633875,-8924664.77082287,3082525.81321762
2014838183330,2014,838183330,FHPK14OFF068809,FLORIDA HIGHWAY PATROL,08 TURNPIKE,PALM BEACH,"December 17, 2014",0210,THURSDAY,9394 WEST PALM BEACH,0694,N,SR 91,SR 710,1,N,26.7941399,-80.13168,26.8102847,-80.1310571,93470000,33.975,00539,SR 91,,R RIGHT,1 THRU LANE 1,N NORTH,03 TOLL ROAD URBAN,06 TURNPIKE/TOLL,01 NON-JUNCTION,01 ON ROADWAY,01 NOT AT INTERSECTION,01 PAVED,34,"June 4, 2014",12 URBAN PRIN ART EXPR.,24,PAVED WARN,10,LAWN,12,,0,20,52000,RCI,10.3,,70,1 NO INJURY,31 Q/C COMPLETED - LOC VERIFIED,0 NO,01 NOT AT INTERSECTION/RRX/BRIDGE,05 DARK-NOT LIGHTED,01 CLEAR,01 DRY,01 LEVEL,1 STRAIGHT,"TWO-WAY, DIVIDED, POSITIVE MED",,NO CONTROLS,NOT CODED,4,NONE,NOT CODED,NOT CODED,NONE,NOT CODED,NOT CODED,29 CABLE BARRIER,77 OTHER (SEE NARRATIVE),01 STRAIGHT AHEAD,NO CONTRIBUTING ACTION,NOT CODED,00 NOT CODED,00 NOT CODED,00 NOT CODED,00 NOT CODED,01 NO,0,0,0,0,1,0,1,2,N,N,N,N,Y,N,N,N,N,N,N,N,N,N,N,N,N,N,N,N,N,N,N,N,N,N,26.810209384,-80.131046627,586359.613117,2965709.85349,R,,ARBM15Q1R2,"February 27, 2022",633876,-8920147.606761018,3099780.4814811368
2014838179230,2014,838179230,FHPL14OFF057372,FLORIDA HIGHWAY PATROL,04 FOURTH,PALM BEACH,"September 15, 2014",1300,TUESDAY,9394 WEST PALM BEACH,0694,Y,I 95,SOUTHERN BLVD,0.189,N,26.67613,-80.07066,26.6783916,-80.0694786,93220000,25.113,06132,SR 9,I 95,R RIGHT,2 THRU LANE 2,N NORTH,01 INTERSTATE URBAN,01 INTERSTATE,01 NON-JUNCTION,01 ON ROADWAY,01 NOT AT INTERSECTION,01 PAVED,32,"September 8, 2013",11 URBAN PRIN ART INT.,64,PAVED WARN,11,VALLEY GUTR,3,LAWN,12,32,181000,RCI,7.5,,65,3 NO-INCAPACITATING INJURY,31 Q/C COMPLETED - LOC VERIFIED,0 NO,01 NOT AT INTERSECTION/RRX/BRIDGE,01 DAYLIGHT,02 CLOUDY,01 DRY,01 LEVEL,1 STRAIGHT,"TWO-WAY, DIVIDED, POSITIVE MED","TWO-WAY, DIVIDED, POSITIVE MED",NO CONTROLS,NO CONTROLS,10,NONE,NOT CODED,NOT CODED,NONE,NOT CODED,NOT CODED,14 MOTOR VEHICLE IN TRANSPORT,03 ANGLE,01 STRAIGHT AHEAD,NO CONTRIBUTING ACTION,NO CONTRIBUTING ACTION,00 NOT CODED,00 NOT CODED,00 NOT CODED,00 NOT CODED,01 NO,5,0,0,0,2,0,2,5,N,N,N,N,N,N,N,N,N,N,N,N,N,N,N,N,N,N,N,N,N,N,N,N,N,N,26.678162421,-80.069517331,592581.817765,2951127.127547,R,,ARBM15Q1R2,"February 27, 2022",633952,-8913298.194418529,3083320.22993739
2014838183350,2014,838183350,FHPK14OFF070205,FLORIDA HIGHWAY PATROL,08 TURNPIKE,PALM BEACH,"December 23, 2014",2310,WEDNESDAY,9394 WEST PALM BEACH,0694,N,SR 91,SR 704,3.5,N,26.75113,-80.1343099,26.7572231,-80.1340419,93470000,30.316,01453,SR 91,,R RIGHT,S SIDE OF ROAD,S SOUTH,03 TOLL ROAD URBAN,06 TURNPIKE/TOLL,01 NON-JUNCTION,03 SHOULDER,01 NOT AT INTERSECTION,01 PAVED,35,"June 4, 2014",12 URBAN PRIN ART EXPR.,24,PAVED WARN,12,,0,,0,20,56000,RCI,12.6,,70,1 NO INJURY,31 Q/C COMPLETED - LOC VERIFIED,0 NO,01 NOT AT INTERSECTION/RRX/BRIDGE,05 DARK-NOT LIGHTED,02 CLOUDY,02 WET,01 LEVEL,1 STRAIGHT,"TWO-WAY, DIVIDED, POSITIVE MED",,NO CONTROLS,NOT CODED,4,NONE,NOT CODED,NOT CODED,NONE,NOT CODED,NOT CODED,27 GUARDRAIL FACE,77 OTHER (SEE NARRATIVE),01 STRAIGHT AHEAD,OPERATED MV IN CARLESS OR NEGL,NOT CODED,00 NOT CODED,00 NOT CODED,00 NOT CODED,00 NOT CODED,01 NO,0,0,0,0,1,0,1,3,N,N,N,N,Y,N,N,N,N,N,Y,N,N,N,N,N,N,N,N,N,N,N,N,N,N,N,26.757120356,-80.1340437,586101.791646,2959827.499497,R,,ARBM15Q1R2,"February 27, 2022",634002,-8920481.23943434,3093160.3955292543
2014837911460,2014,837911460,FHPK14OFF017075,FLORIDA HIGHWAY PATROL,08 TURNPIKE,PALM BEACH,"April 2, 2014",0836,THURSDAY,9394 WEST PALM BEACH,0694,N,SR 91,SR 704,0.3,N,26.7116215,-80.1383736,26.7112103,-80.1385741,93470000,27.116,01450,SR 91,,M MEDIAN,M MIDDLE,N NORTH,03 TOLL ROAD URBAN,06 TURNPIKE/TOLL,01 NON-JUNCTION,01 ON ROADWAY,01 NOT AT INTERSECTION,01 PAVED,34,"June 4, 2014",12 URBAN PRIN ART EXPR.,24,PAVED WARN,10,LAWN,12,,0,20,56000,RCI,12.6,0D4000,70,3 NO-INCAPACITATING INJURY,31 Q/C COMPLETED - LOC VERIFIED,0 NO,01 NOT AT INTERSECTION/RRX/BRIDGE,01 DAYLIGHT,01 CLEAR,01 DRY,01 LEVEL,1 STRAIGHT,"TWO-WAY, DIVIDED, POSITIVE MED",,NO CONTROLS,NOT CODED,4,NONE,NOT CODED,NOT CODED,NONE,NOT CODED,NOT CODED,01 OVERTURN/ROLLOVER,77 OTHER (SEE NARRATIVE),01 STRAIGHT AHEAD,NO CONTRIBUTING ACTION,NOT CODED,00 NOT CODED,00 NOT CODED,00 NOT CODED,00 NOT CODED,01 NO,3,0,0,0,1,0,1,3,N,N,Y,N,Y,N,N,N,N,N,N,N,N,N,N,N,N,N,N,N,N,N,N,N,N,N,26.711096266,-80.138637393,585679.499522,2954726.654493,R,,ARBM15Q1R2,"February 27, 2022",634023,-8920992.606905242,3087423.794328095
2014838112410,2014,838112410,FHPL14OFF045379,FLORIDA HIGHWAY PATROL,04 FOURTH,PALM BEACH,"July 26, 2014",0139,SUNDAY,9394 WEST PALM BEACH,0694,Y,I 95,BELVEDERE RD,0.25,N,26.6942895,-80.0680226,26.6943274,-80.0681582,93220000,26.265,06133,SR 9,I 95,R RIGHT,S SIDE OF ROAD,N NORTH,01 INTERSTATE URBAN,01 INTERSTATE,18 THROUGH ROADWAY,01 ON ROADWAY,01 NOT AT INTERSECTION,01 PAVED,32,"September 8, 2013",11 URBAN PRIN ART INT.,64,PAVED WARN,10,,0,,0,32,205500,RCI,7.5,,65,1 NO INJURY,31 Q/C COMPLETED - LOC VERIFIED,1 ALC,01 NOT AT INTERSECTION/RRX/BRIDGE,04 DARK-LIGHTED,01 CLEAR,01 DRY,01 LEVEL,1 STRAIGHT,ONE-WAY TRAFFICWAY,,NO CONTROLS,NOT CODED,10,NONE,NOT CODED,NOT CODED,NONE,NOT CODED,NOT CODED,30 CONCRETE TRAFFIC BARRIER,77 OTHER (SEE NARRATIVE),01 STRAIGHT AHEAD,OPERATED MV IN CARLESS OR NEGL,NOT CODED,00 NOT CODED,00 NOT CODED,00 NOT CODED,00 NOT CODED,01 NO,0,0,0,0,1,0,1,1,N,N,N,N,Y,N,N,N,N,N,Y,N,N,N,N,N,N,N,N,N,N,N,N,N,N,N,26.694153318,-80.068083729,592711.527675,2952899.369659,R,,ARBM15Q1R2,"February 27, 2022",634057,-8913138.606582487,3085312.5513109616
2014837911960,2014,837911960,FHPK14OFF064497,FLORIDA HIGHWAY PATROL,08 TURNPIKE,PALM BEACH,"November 23, 2014",0644,MONDAY,9394 WEST PALM BEACH,0694,N,SR 91,45TH ST,0.6,N,26.7737171,-80.1329198,26.7690236,-80.1332483,93470000,31.13,01484,SR 91,,R RIGHT,1 THRU LANE 1,N NORTH,03 TOLL ROAD URBAN,06 TURNPIKE/TOLL,01 NON-JUNCTION,01 ON ROADWAY,01 NOT AT INTERSECTION,01 PAVED,33,"June 4, 2014",12 URBAN PRIN ART EXPR.,24,PAVED WARN,10,LAWN,12,,0,20,56000,RCI,12.6,,70,2 POSSIBLE INJURY,31 Q/C COMPLETED - LOC VERIFIED,0 NO,01 NOT AT INTERSECTION/RRX/BRIDGE,03 DAWN,01 CLEAR,01 DRY,01 LEVEL,1 STRAIGHT,"TWO-WAY, DIVIDED, POSITIVE MED","TWO-WAY, DIVIDED, POSITIVE MED",NO CONTROLS,NO CONTROLS,4,NONE,NOT CODED,NOT CODED,NONE,NOT CODED,NOT CODED,14 MOTOR VEHICLE IN TRANSPORT,01 FRONT TO REAR,01 STRAIGHT AHEAD,OPERATED MV IN CARLESS OR NEGL,NO CONTRIBUTING ACTION,00 NOT CODED,00 NOT CODED,00 NOT CODED,00 NOT CODED,01 NO,2,0,0,0,2,0,2,2,N,N,N,N,N,N,N,N,N,N,N,N,N,N,N,N,N,N,N,N,Y,N,N,N,N,N,26.768925091,-80.133246681,586172.135126,2961135.567772,R,,ARBM15Q1R2,"February 27, 2022",634780,-8920392.515571648,3094632.152661702
2014838313230,2014,838313230,FHPL14OFF054867,FLORIDA HIGHWAY PATROL,04 FOURTH,PALM BEACH,"September 4, 2014",0825,FRIDAY,9394 WEST PALM BEACH,0694,N,I 95,45TH ST,0.379,S,26.764079,-80.0931633,26.7508062,-80.0899394,93220000,30.656,01188,SR 9,I 95,L LEFT,1 THRU LANE 1,S SOUTH,01 INTERSTATE URBAN,01 INTERSTATE,01 NON-JUNCTION,01 ON ROADWAY,01 NOT AT INTERSECTION,01 PAVED,31,"September 8, 2013",11 URBAN PRIN ART INT.,64,PAVED,11,LAWN,12,,0,32,201000,RCI,7.5,,65,1 NO INJURY,31 Q/C COMPLETED - LOC VERIFIED,0 NO,01 NOT AT INTERSECTION/RRX/BRIDGE,01 DAYLIGHT,01 CLEAR,01 DRY,01 LEVEL,1 STRAIGHT,"TWO-WAY, DIVIDED, POSITIVE MED","TWO-WAY, DIVIDED, POSITIVE MED",NO CONTROLS,NO CONTROLS,10,NONE,NOT CODED,NOT CODED,NONE,NOT CODED,NOT CODED,14 MOTOR VEHICLE IN TRANSPORT,01 FRONT TO REAR,01 STRAIGHT AHEAD,OPERATED MV IN CARLESS OR NEGL,OVER-CORRECTING/OVERSTEERING,00 NOT CODED,00 NOT CODED,00 NOT CODED,00 NOT CODED,01 NO,0,0,0,0,2,0,2,2,N,N,N,N,Y,N,N,N,N,N,N,N,N,N,N,N,N,N,N,N,N,N,N,N,N,N,26.750614018,-80.090274742,590459.092018,2959137.197877,L,,ARBM15Q1R2,"February 27, 2022",635003,-8915608.899808247,3092349.282360714
2014838181190,2014,838181190,FHPK14OFF049647,FLORIDA HIGHWAY PATROL,08 TURNPIKE,PALM BEACH,"September 9, 2014",1204,WEDNESDAY,9394 WEST PALM BEACH,0694,N,SR 91,BEE LINE HYWY,2,S,26.7797544,-80.1326603,26.7657923,-80.1334775,93470000,30.907,01484,SR 91,,L LEFT,S SIDE OF ROAD,S SOUTH,03 TOLL ROAD URBAN,06 TURNPIKE/TOLL,01 NON-JUNCTION,02 OFF ROADWAY,01 NOT AT INTERSECTION,01 PAVED,33,"June 4, 2014",12 URBAN PRIN ART EXPR.,24,PAVED WARN,10,LAWN,12,,0,20,56000,RCI,12.6,,70,1 NO INJURY,31 Q/C COMPLETED - LOC VERIFIED,0 NO,01 NOT AT INTERSECTION/RRX/BRIDGE,01 DAYLIGHT,03 RAIN,02 WET,01 LEVEL,1 STRAIGHT,"TWO-WAY, DIVIDED, POSITIVE MED",,NO CONTROLS,NOT CODED,4,NONE,NOT CODED,NOT CODED,WEATHER CONDITIONS,NOT CODED,NOT CODED,29 CABLE BARRIER,77 OTHER (SEE NARRATIVE),01 STRAIGHT AHEAD,DROVE TOO FAST FOR CONDITIONS,NOT CODED,00 NOT CODED,00 NOT CODED,00 NOT CODED,00 NOT CODED,01 NO,0,0,0,0,1,0,1,1,N,N,N,N,Y,Y,Y,N,N,N,N,Y,N,N,N,N,N,N,N,N,N,N,N,N,N,N,26.765581405,-80.133624846,586137.058772,2960764.95446,L,,ARBM15Q1R2,"February 27, 2022",635122,-8920434.612680191,3094215.2625520774
2014838160750,2014,838160750,FHPL14OFF065694,FLORIDA HIGHWAY PATROL,04 FOURTH,PALM BEACH,"October 20, 2014",1850,TUESDAY,9394 WEST PALM BEACH,0694,Y,I 95,45TH ST,0.5,N,26.78342,-80.09784,26.7636763,-80.092826,93220000,31.571,01191,SR 9,I 95,R RIGHT,6 THRU LANE 6,S SOUTH,01 INTERSTATE URBAN,01 INTERSTATE,01 NON-JUNCTION,01 ON ROADWAY,01 NOT AT INTERSECTION,01 PAVED,31,"September 8, 2013",11 URBAN PRIN ART INT.,64,PAVED WARN,10,LAWN,12,,0,32,201000,RCI,7.5,,65,3 NO-INCAPACITATING INJURY,31 Q/C COMPLETED - LOC VERIFIED,0 NO,01 NOT AT INTERSECTION/RRX/BRIDGE,02 DUSK,02 CLOUDY,02 WET,01 LEVEL,1 STRAIGHT,"TWO-WAY, DIVIDED, POSITIVE MED","TWO-WAY, DIVIDED, POSITIVE MED",NO CONTROLS,NO CONTROLS,10,NONE,NOT CODED,NOT CODED,NONE,NOT CODED,NOT CODED,18 OTHER NON-FIXED OBJECT,77 OTHER (SEE NARRATIVE),01 STRAIGHT AHEAD,NO CONTRIBUTING ACTION,NO CONTRIBUTING ACTION,00 NOT CODED,00 NOT CODED,00 NOT CODED,00 NOT CODED,01 NO,1,0,0,0,2,0,2,3,N,N,Y,N,N,N,N,N,N,N,N,N,N,N,N,N,N,N,N,N,N,N,N,N,N,N,26.763547008,-80.092778674,590199.886873,2960567.926658,R,,ARBM15Q1R2,"February 27, 2022",635516,-8915887.636321235,3093961.620541209
2014838080200,2014,838080200,FHPL14OFF037057,FLORIDA HIGHWAY PATROL,04 FOURTH,PALM BEACH,"June 18, 2014",1600,THURSDAY,9394 WEST PALM BEACH,0694,N,SR 9,BELVEDERE RD,0.5,N,26.67633,-80.06985,26.6972672,-80.0699498,93220000,26.515,04933,SR 9,I 95,R RIGHT,4 THRU LANE 4,N NORTH,01 INTERSTATE URBAN,01 INTERSTATE,01 NON-JUNCTION,01 ON ROADWAY,01 NOT AT INTERSECTION,01 PAVED,32,"September 8, 2013",11 URBAN PRIN ART INT.,64,PAVED WARN,13,,0,,0,32,205500,RCI,7.5,,65,1 NO INJURY,31 Q/C COMPLETED - LOC VERIFIED,0 NO,01 NOT AT INTERSECTION/RRX/BRIDGE,01 DAYLIGHT,03 RAIN,02 WET,01 LEVEL,3 CURVE LEFT,"TWO-WAY, DIVIDED, POSITIVE MED","TWO-WAY, DIVIDED, POSITIVE MED",NO CONTROLS,NO CONTROLS,10,NONE,NOT CODED,NOT CODED,NONE,NOT CODED,NOT CODED,14 MOTOR VEHICLE IN TRANSPORT,03 ANGLE,01 STRAIGHT AHEAD,OPERATED MV IN CARLESS OR NEGL,NO CONTRIBUTING ACTION,00 NOT CODED,00 NOT CODED,00 NOT CODED,00 NOT CODED,01 NO,0,0,0,0,3,0,3,3,N,N,N,N,N,N,N,N,N,N,N,N,N,N,N,N,N,N,N,N,N,N,N,N,N,N,26.697378362,-80.069949878,592523.259181,2953255.230455,R,,ARBM15Q1R2,"February 27, 2022",635573,-8913346.345373739,3085714.396479494
2014838123150,2014,838123150,FHPL14OFF046340,FLORIDA HIGHWAY PATROL,04 FOURTH,PALM BEACH,"July 30, 2014",0315,THURSDAY,9394 WEST PALM BEACH,0694,Y,I 95,PALM BEACH LAKES BLVD,0.019,S,26.7181058,-80.0897669,26.7180754,-80.0897143,93220068,0.019,04421,SR 9,I 95,L LEFT,X RAMP,E EAST,07 RAMP URBAN,01 INTERSTATE,14 ENTRANCE/EXIT RAMP,01 ON ROADWAY,04 Y-INTERSECTION,01 PAVED,0,"December 31, 2000",,36,PAVED,12,LAWN,12,,0,,12500,RCI,3.6,,,2 POSSIBLE INJURY,31 Q/C COMPLETED - LOC VERIFIED,0 NO,07 ENTRANCE RAMP,04 DARK-LIGHTED,02 CLOUDY,02 WET,01 LEVEL,2 CURVE RIGHT,"TWO-WAY, DIVIDED, POSITIVE MED",,NO CONTROLS,NOT CODED,1,"RD SURFC (WET, ICY, SNOW, ETC)",NOT CODED,NOT CODED,WEATHER CONDITIONS,NOT CODED,NOT CODED,01 OVERTURN/ROLLOVER,77 OTHER (SEE NARRATIVE),77 OTHER (SEE NARRATIVE),NO CONTRIBUTING ACTION,NOT CODED,00 NOT CODED,00 NOT CODED,00 NOT CODED,00 NOT CODED,01 NO,1,0,0,0,1,0,1,2,N,N,N,N,Y,N,N,N,N,N,N,N,N,N,N,N,N,N,N,N,N,N,N,N,N,N,26.718060151,-80.089737481,590538.289846,2955531.802331,O,,ARBM15Q1R2,"February 27, 2022",637765,-8915549.092058366,3088291.6480834843
2014838123250,2014,838123250,FHPK14OFF069938,FLORIDA HIGHWAY PATROL,08 TURNPIKE,PALM BEACH,"December 22, 2014",1745,TUESDAY,9394 WEST PALM BEACH,0694,N,SR 91,SR 704,0.5,N,26.7162166,-80.1366784,26.7138394,-80.1372765,93470000,27.316,01486,SR 91,,L LEFT,2 THRU LANE 2,S SOUTH,03 TOLL ROAD URBAN,06 TURNPIKE/TOLL,01 NON-JUNCTION,01 ON ROADWAY,01 NOT AT INTERSECTION,01 PAVED,34,"June 4, 2014",12 URBAN PRIN ART EXPR.,24,PAVED WARN,10,LAWN,12,,0,20,56000,RCI,12.6,0D4000,70,1 NO INJURY,31 Q/C COMPLETED - LOC VERIFIED,0 NO,01 NOT AT INTERSECTION/RRX/BRIDGE,04 DARK-LIGHTED,01 CLEAR,01 DRY,01 LEVEL,1 STRAIGHT,"TWO-WAY, DIVIDED, POSITIVE MED","TWO-WAY, DIVIDED, POSITIVE MED",TRAFFIC CONTROL SIGNAL,TRAFFIC CONTROL SIGNAL,4,NONE,NOT CODED,NOT CODED,NONE,NOT CODED,NOT CODED,14 MOTOR VEHICLE IN TRANSPORT,01 FRONT TO REAR,01 STRAIGHT AHEAD,OPERATED MV IN CARLESS OR NEGL,NO CONTRIBUTING ACTION,00 NOT CODED,00 NOT CODED,00 NOT CODED,00 NOT CODED,01 NO,0,0,0,0,2,0,2,2,N,N,N,N,N,N,N,N,N,N,N,N,N,N,N,N,N,N,N,N,N,N,N,N,N,N,26.713609751,-80.137508581,585789.903268,2955005.813042,L,,ARBM15Q1R2,"February 27, 2022",637766,-8920866.948023785,3087737.023835053
2014838148470,2014,838148470,FHPL14OFF041769,FLORIDA HIGHWAY PATROL,04 FOURTH,PALM BEACH,"July 10, 2014",1023,FRIDAY,9394 WEST PALM BEACH,0694,N,SR 9,SUMMIT BLVD,0.019,S,26.6654369,-80.0710412,26.6656191,-80.0708384,93220000,24.228,02219,SR 9,I 95,L LEFT,3 THRU LANE 3,S SOUTH,01 INTERSTATE URBAN,01 INTERSTATE,01 NON-JUNCTION,01 ON ROADWAY,01 NOT AT INTERSECTION,02 UNPAVED,32,"September 8, 2013",11 URBAN PRIN ART INT.,78,PAVED WARN,8,VALLEY GUTR,3,,0,32,201000,RCI,7.5,0D3000,65,1 NO INJURY,31 Q/C COMPLETED - LOC VERIFIED,0 NO,01 NOT AT INTERSECTION/RRX/BRIDGE,01 DAYLIGHT,01 CLEAR,01 DRY,04 DOWNHILL,1 STRAIGHT,"TWO-WAY, DIVIDED, POSITIVE MED","TWO-WAY, DIVIDED, POSITIVE MED",NO CONTROLS,NO CONTROLS,10,NONE,NOT CODED,NOT CODED,NONE,NOT CODED,NOT CODED,18 OTHER NON-FIXED OBJECT,77 OTHER (SEE NARRATIVE),01 STRAIGHT AHEAD,OTHER CONTRIBUTING ACTION,NO CONTRIBUTING ACTION,00 NOT CODED,00 NOT CODED,00 NOT CODED,00 NOT CODED,01 NO,0,0,0,0,2,0,2,2,N,N,N,N,N,N,N,N,N,N,N,N,N,N,N,N,N,N,N,N,N,N,N,N,N,N,26.66529753,-80.071187331,592426.016012,2949700.965439,L,,ARBM15Q1R2,"February 27, 2022",638029,-8913484.098052187,3081717.5835735844
2014838168660,2014,838168660,FHPL14OFF040195,FLORIDA HIGHWAY PATROL,04 FOURTH,PALM BEACH,"July 3, 2014",1000,FRIDAY,9394 WEST PALM BEACH,0694,Y,I 95,BELVEDERE RD,0.002,N,26.69055,-80.06855,26.6910392,-80.0665941,93220000,26.017,04278,SR 9,I 95,L LEFT,4 THRU LANE 4,S SOUTH,01 INTERSTATE URBAN,01 INTERSTATE,18 THROUGH ROADWAY,01 ON ROADWAY,01 NOT AT INTERSECTION,01 PAVED,32,"September 8, 2013",11 URBAN PRIN ART INT.,64,PAVED,10,,0,,0,32,205500,RCI,7.5,,65,1 NO INJURY,31 Q/C COMPLETED - LOC VERIFIED,0 NO,01 NOT AT INTERSECTION/RRX/BRIDGE,01 DAYLIGHT,01 CLEAR,01 DRY,04 DOWNHILL,2 CURVE RIGHT,"TWO-WAY, DIVIDED, POSITIVE MED","TWO-WAY, DIVIDED, POSITIVE MED",NO CONTROLS,NO CONTROLS,10,NONE,NOT CODED,NOT CODED,NONE,NOT CODED,NOT CODED,14 MOTOR VEHICLE IN TRANSPORT,"04 SIDESWIPE, SAME DIRECTION",06 CHANGING LANES,DISREGARDED OTHER ROAD MARKING,NO CONTRIBUTING ACTION,00 NOT CODED,00 NOT CODED,00 NOT CODED,00 NOT CODED,01 NO,0,0,0,0,2,0,2,2,N,N,Y,N,Y,N,Y,N,N,N,Y,Y,N,N,N,N,N,N,N,N,N,N,N,N,N,N,26.690763741,-80.066998591,592822.234638,2952524.718549,L,,ARBM15Q1R2,"February 27, 2022",638662,-8913017.809639757,3084890.2171241855