Crash Id,Calendar Year,FDOT Crash Number,Reporting Agency Case Number,Reporting Agency Type,FDOT Managing District,County Name,Crash Date,Crash Time,Day,DHSMV City,Crash Report City Code,In Town,On Roadway Name,Int Roadway Name,Reference Distance (Miles),Reference Direction,Officer Latitude,Officer Longitude,FDOT Latitude,FDOT Longitude,FDOT Roadway,Nearest Inventory MP,Nearest Node From Crash,State Road #,US Highway,Crash Side of Road,Accident Lane Number,Travel Direction Vehicle 1,FDOT Road Category,DHSMV Road System Id,Relation to Junction,Crash Harmful Event Location,Intersection Type,Shoulder Type,FDOT Roadway SKID Test Result,FDOT Roadway SKID Test Date,Functional Class,RCI Surface Width,RCI Shoulder Type First,RCI Shoulder Width First,RCI Shoulder Type Second,RCI Shoulder Width Second,RCI Shoulder Type Third,RCI Shoulder Width Third,RCI Median Width,Avg Daily Traffic,AADT Source,RCI Avg Per Truck Traffic,RCI Horiz Curve Condition,Posted Speed Limit,Highest Injury in Crash,CAR Status Code,Alcohols/Drug Involved,Site Location,Lighting,Weather,Road Surface,Roadway Grade,Roadway Alignment,Traffic Way Vehicle 1,Traffic Way Vehicle 2,Traffic Control Vehicle 1,Traffic Control Vehicle 2,Count of Lanes,Road Condition 1,Road Condition 2,Road Condition 3,Environment Condition 1,Environment Condition 2,Environment Condition 3,Crash Harmful Event,Manner of Collision,Vehicle Movement,Driver Action Vehicle 1,Driver Action Vehicle 2,Location Within Workzone,Type of Workzone,Workers Present in Workzone,Law Enforcement Present in Workzone,School Bus Related,Count of Nonfatal Injuries,Count of Traffic Fatalities,Count of Serious Injuries,Count of Pedestrians,Count of Drivers,Count of Bicyclists,Count of Vehicles,Count of Persons,Wrong Way,Workzone Inv,Commercial Vehicle Inv,Intersection Inv,Lane Departure,Speeding,Agressive Driving,Impaired Driver,Impaired Pedestrian,Impaired Bicyclist,Distracted Driver,Speeding or Aggressive Driving,Pedestrian Related,Bicyclist Related,Pedestrian or Bicyclist Related,Motorcycle Inv,No Belt,No Belt - Ages 1-4,No Belt - Ages 5-12,No Belt - Ages 13-17,Driver - Ages Teen,Driver - Ages 65 plus,Driver - Ages 65-69,Driver - Ages 70-74,Driver - Ages 75-79,Driver - Ages 80 plus,ARBM Latitude,ARBM Longitude,UTM Zone 17N X,UTM Zone 17N Y,ARBM Side of Road,Urban Rural Indicator,GIS Street Source,Extract Date,OBJECTID,x,y
2014845508750,2014,845508750,FHPL14OFF077852,FLORIDA HIGHWAY PATROL,04 FOURTH,PALM BEACH,"December 13, 2014",0555,SUNDAY,9394 WEST PALM BEACH,0694,Y,I 95,45TH ST,0.5,S,26.7442406,-80.090458,26.7490502,-80.0900358,93220000,30.535,01188,SR 9,I 95,M MEDIAN,M MIDDLE,N NORTH,01 INTERSTATE URBAN,01 INTERSTATE,01 NON-JUNCTION,04 MEDIAN,01 NOT AT INTERSECTION,01 PAVED,31,"September 8, 2013",11 URBAN PRIN ART INT.,64,PAVED,11,LAWN,12,,0,32,201000,RCI,7.5,,65,2 POSSIBLE INJURY,31 Q/C COMPLETED - LOC VERIFIED,0 NO,01 NOT AT INTERSECTION/RRX/BRIDGE,04 DARK-LIGHTED,02 CLOUDY,01 DRY,01 LEVEL,1 STRAIGHT,"TWO-WAY, DIVIDED, POSITIVE MED",,NO CONTROLS,NOT CODED,10,NONE,NOT CODED,NOT CODED,NONE,NOT CODED,NOT CODED,30 CONCRETE TRAFFIC BARRIER,77 OTHER (SEE NARRATIVE),01 STRAIGHT AHEAD,RAN OFF ROADWAY,NOT CODED,00 NOT CODED,00 NOT CODED,00 NOT CODED,00 NOT CODED,01 NO,1,0,0,0,1,0,1,2,N,N,N,N,Y,N,N,N,N,N,N,N,N,N,N,N,N,N,N,N,N,N,N,N,N,N,26.748900699,-80.09007107,590480.701897,2958947.569208,R,,ARBM15Q1R2,"February 27, 2022",756069,-8915586.227133002,3092135.6989782318
2014845444470,2014,845444470,FHPL14OFF077112,FLORIDA HIGHWAY PATROL,04 FOURTH,PALM BEACH,"December 9, 2014",1855,WEDNESDAY,9394 WEST PALM BEACH,0694,N,I 95,45TH ST,0.284,S,26.75899,-80.0886699,26.7521849,-80.0898638,93220000,30.751,01188,SR 9,I 95,R RIGHT,1 THRU LANE 1,N NORTH,01 INTERSTATE URBAN,01 INTERSTATE,01 NON-JUNCTION,01 ON ROADWAY,01 NOT AT INTERSECTION,01 PAVED,31,"September 8, 2013",11 URBAN PRIN ART INT.,64,PAVED,13,,0,,0,32,201000,RCI,7.5,,65,3 NO-INCAPACITATING INJURY,31 Q/C COMPLETED - LOC VERIFIED,0 NO,01 NOT AT INTERSECTION/RRX/BRIDGE,02 DUSK,01 CLEAR,01 DRY,01 LEVEL,1 STRAIGHT,"TWO-WAY, DIVIDED, POSITIVE MED",,NO CONTROLS,NOT CODED,10,NONE,NOT CODED,NOT CODED,NONE,NOT CODED,NOT CODED,"17 STRUCK BY FALLING, SHIFTING CA",77 OTHER (SEE NARRATIVE),01 STRAIGHT AHEAD,NO CONTRIBUTING ACTION,NOT CODED,00 NOT CODED,00 NOT CODED,00 NOT CODED,00 NOT CODED,01 NO,1,0,0,0,1,0,1,1,N,N,N,N,N,N,N,N,N,N,N,N,N,N,N,N,N,N,N,N,N,N,N,N,N,N,26.752038301,-80.089906216,590494.610425,2959295.218648,R,,ARBM15Q1R2,"February 27, 2022",756278,-8915567.875701133,3092526.8366769217
2014845444540,2014,845444540,FHPL14OFF080276,FLORIDA HIGHWAY PATROL,04 FOURTH,PALM BEACH,"December 23, 2014",1722,WEDNESDAY,9394 WEST PALM BEACH,0694,N,I 95,OKEECHOBEE BLVD,0.133,N,26.70624,-80.0772,26.7046631,-80.0754944,93220148,0.429,04903,SR 9,I 95,L LEFT,X RAMP,W WEST,07 RAMP URBAN,01 INTERSTATE,14 ENTRANCE/EXIT RAMP,01 ON ROADWAY,01 NOT AT INTERSECTION,01 PAVED,0,"December 31, 2000",,15,PAVED,6,OTHER,2,,0,,10500,RCI,3.6,,,1 NO INJURY,32 Q/C NOT TO BE DONE ON CRASH,0 NO,07 ENTRANCE RAMP,02 DUSK,02 CLOUDY,02 WET,01 LEVEL,1 STRAIGHT,ONE-WAY TRAFFICWAY,,NO CONTROLS,NOT CODED,1,NONE,NOT CODED,NOT CODED,NONE,NOT CODED,NOT CODED,30 CONCRETE TRAFFIC BARRIER,77 OTHER (SEE NARRATIVE),01 STRAIGHT AHEAD,SWERVED OR AVOIDED:  DUE TO WI,NOT CODED,00 NOT CODED,00 NOT CODED,00 NOT CODED,00 NOT CODED,01 NO,0,0,0,0,1,0,1,1,N,N,N,N,Y,N,N,N,N,N,N,N,N,N,N,N,N,N,N,N,N,N,N,N,N,N,26.704647455,-80.075504821,591964.775363,2954056.359608,O,,ARBM15Q1R2,"February 27, 2022",756283,-8913964.718970077,3086620.1778315366
2014845444410,2014,845444410,FHPL14OFF074645,FLORIDA HIGHWAY PATROL,04 FOURTH,PALM BEACH,"November 28, 2014",1941,SATURDAY,9394 WEST PALM BEACH,0694,N,I 95,45TH ST,0.014,S,26.75899,-80.0886699,26.7592119,-80.0901424,93220075,0,04389,SR 9,I 95,R RIGHT,X RAMP,N NORTH,07 RAMP URBAN,01 INTERSTATE,14 ENTRANCE/EXIT RAMP,01 ON ROADWAY,01 NOT AT INTERSECTION,01 PAVED,0,"December 31, 2000",,16,PAVED,4,LAWN,12,,0,,10000,RCI,3.6,,,1 NO INJURY,31 Q/C COMPLETED - LOC VERIFIED,0 NO,07 ENTRANCE RAMP,02 DUSK,01 CLEAR,01 DRY,01 LEVEL,1 STRAIGHT,ONE-WAY TRAFFICWAY,ONE-WAY TRAFFICWAY,NO CONTROLS,NO CONTROLS,1,NONE,NOT CODED,NOT CODED,NONE,NOT CODED,NOT CODED,14 MOTOR VEHICLE IN TRANSPORT,01 FRONT TO REAR,01 STRAIGHT AHEAD,NO CONTRIBUTING ACTION,NO CONTRIBUTING ACTION,00 NOT CODED,00 NOT CODED,00 NOT CODED,00 NOT CODED,01 NO,0,0,0,0,2,0,2,3,N,N,N,N,N,N,N,N,N,N,N,N,N,N,N,N,N,N,N,N,N,N,N,N,N,N,26.759225622,-80.090138723,590465.7983,2960091.1479,O,,ARBM15Q1R2,"February 27, 2022",756352,-8915593.758279726,3093422.858810155
2014813994360,2014,813994360,14136215,COUNTY SHERIFF'S OFFICE,04 FOURTH,PALM BEACH,"October 25, 2014",1021,SUNDAY,9394 WEST PALM BEACH,0694,Y,FOREST HILL BLVD,PINEHURST DR,0,,0,0,26.6510194,-80.1572242,93016000,2.864,02404,SR 882,,R RIGHT,4 THRU LANE 4,W WEST,30 URBAN 6+LN 2WY DIVD RASD,03 STATE,02 INTERSECTION,01 ON ROADWAY,02 FOUR-WAY INTERSECTION,01 PAVED,44,"June 25, 2012",14 URBAN PRIN ART OTHER,34,PAVED,4,CURB&GUTTER,2,,0,23,32500,RCI,5.3,,45,2 POSSIBLE INJURY,31 Q/C COMPLETED - LOC VERIFIED,0 NO,02 AT INTERSECTION,01 DAYLIGHT,01 CLEAR,01 DRY,01 LEVEL,1 STRAIGHT,"TWO-WAY, DIVIDED, POSITIVE MED",UNKNOWN,NO CONTROLS,NO CONTROLS,6,NONE,NOT CODED,NOT CODED,NONE,NOT CODED,NOT CODED,14 MOTOR VEHICLE IN TRANSPORT,"05 SIDESWIPE, OPPOSITE DIRECTION",03 TURNING LEFT,FAILED TO YIELD RIGHT-OF-WAY,NO CONTRIBUTING ACTION,00 NOT CODED,00 NOT CODED,00 NOT CODED,00 NOT CODED,01 NO,1,0,0,0,2,0,2,2,N,N,N,Y,N,N,N,N,N,N,N,N,N,N,N,N,N,N,N,N,Y,N,N,N,N,N,26.651004006,-80.157313681,583865.652385,2948058.332548,R,,ARBM15Q1R2,"February 27, 2022",757020,-8923071.642148003,3079937.176619431
2014813812900,2014,813812900,14037836,COUNTY SHERIFF'S OFFICE,04 FOURTH,PALM BEACH,"February 11, 2014",2028,WEDNESDAY,9394 WEST PALM BEACH,0694,Y,OKEECHOBEE BLVD,MERIDIAN RD,0.095,E,0,0,26.7072872,-80.1318385,93280000,4.259,01728,SR 704,,L LEFT,1 THRU LANE 1,W WEST,30 URBAN 6+LN 2WY DIVD RASD,02 U.S.,03 INTERSECTION-RELATED,01 ON ROADWAY,01 NOT AT INTERSECTION,03 CURB,36,"June 2, 2014",14 URBAN PRIN ART OTHER,44,PAVED,3,CURB&GUTTER,2,,0,18,58500,RCI,5.3,,45,2 POSSIBLE INJURY,31 Q/C COMPLETED - LOC VERIFIED,0 NO,01 NOT AT INTERSECTION/RRX/BRIDGE,04 DARK-LIGHTED,02 CLOUDY,02 WET,01 LEVEL,1 STRAIGHT,"TWO-WAY, DIVIDED, UNPROTECTED","TWO-WAY, DIVIDED, UNPROTECTED",NO CONTROLS,NO CONTROLS,8,NONE,NOT CODED,NOT CODED,NONE,NOT CODED,NOT CODED,14 MOTOR VEHICLE IN TRANSPORT,01 FRONT TO REAR,01 STRAIGHT AHEAD,FOLLOWED TOO CLOSELY,NO CONTRIBUTING ACTION,00 NOT CODED,00 NOT CODED,00 NOT CODED,00 NOT CODED,01 NO,1,0,0,0,2,0,2,6,N,N,N,N,N,N,N,N,N,N,N,N,N,N,N,N,N,N,N,N,Y,N,N,N,N,N,26.707429777,-80.131812456,586361.171175,2954325.152056,L,,ARBM15Q1R2,"February 27, 2022",757620,-8920232.858170059,3086966.8903444414
2014813827480,2014,813827480,14029447,COUNTY SHERIFF'S OFFICE,04 FOURTH,PALM BEACH,"January 22, 2014",0744,THURSDAY,9394 WEST PALM BEACH,0694,Y,BEELINE HWY,JOG RD,0.057,N,0,0,26.8004452,-80.1384079,93310000,18.194,03993,SR 710,,R RIGHT,1 THRU LANE 1,U UNNWN,24 SUBURBAN 4-5LN 2WY DIVD PAVD,03 STATE,01 NON-JUNCTION,01 ON ROADWAY,01 NOT AT INTERSECTION,01 PAVED,39,"June 2, 2014",14 URBAN PRIN ART OTHER,24,PAVED,4,LAWN,12,,0,46,25500,RCI,7.4,,55,1 NO INJURY,31 Q/C COMPLETED - LOC VERIFIED,0 NO,01 NOT AT INTERSECTION/RRX/BRIDGE,01 DAYLIGHT,01 CLEAR,01 DRY,01 LEVEL,1 STRAIGHT,"TWO-WAY, DIVIDED, POSITIVE MED","TWO-WAY, DIVIDED, POSITIVE MED",NO CONTROLS,NO CONTROLS,4,NONE,NOT CODED,NOT CODED,NONE,NOT CODED,NOT CODED,14 MOTOR VEHICLE IN TRANSPORT,01 FRONT TO REAR,01 STRAIGHT AHEAD,FOLLOWED TOO CLOSELY,NO CONTRIBUTING ACTION,00 NOT CODED,00 NOT CODED,00 NOT CODED,00 NOT CODED,01 NO,0,0,0,0,2,0,2,2,N,N,N,N,N,N,N,N,N,N,N,N,N,N,N,N,N,N,N,N,N,N,N,N,N,N,26.800554009,-80.138589994,585617.144576,2964635.282566,R,,ARBM15Q1R2,"February 27, 2022",758020,-8920987.330737904,3098576.246842475
2014813847220,2014,813847220,14149317,COUNTY SHERIFF'S OFFICE,04 FOURTH,PALM BEACH,"November 29, 2014",1135,SUNDAY,9394 WEST PALM BEACH,0694,Y,AUSTRALIAN AVE,TURNAGE BLVD,0.002,N,0,0,26.687481,-80.07474,93650000,0.832,,,,I INTERSECTION,M MIDDLE,E EAST,,05 LOCAL,01 NON-JUNCTION,01 ON ROADWAY,02 FOUR-WAY INTERSECTION,01 PAVED,0,"December 31, 2000",,,,0,,0,,0,,,RCI,0,,,2 POSSIBLE INJURY,33 Q/C VERIFIED AS OFF-SYSTEM,0 NO,01 NOT AT INTERSECTION/RRX/BRIDGE,01 DAYLIGHT,01 CLEAR,01 DRY,01 LEVEL,3 CURVE LEFT,"TWO-WAY, DIVIDED, UNPROTECTED","TWO-WAY, DIVIDED, UNPROTECTED",TRAFFIC CONTROL SIGNAL,TRAFFIC CONTROL SIGNAL,,NONE,NOT CODED,NOT CODED,NONE,NOT CODED,NOT CODED,04 JACKKNIFE,"05 SIDESWIPE, OPPOSITE DIRECTION",17 ENTERING TRAFFIC LANE,RAN RED LIGHT,NO CONTRIBUTING ACTION,00 NOT CODED,00 NOT CODED,00 NOT CODED,00 NOT CODED,01 NO,2,0,0,0,2,0,2,3,N,N,N,N,Y,N,N,N,N,N,N,N,N,N,N,N,N,N,N,N,N,Y,N,N,Y,N,26.68748147,-80.074738639,592054.791306,2952155.554649,L,U,ARBM15Q1R2,"February 27, 2022",758398,-8913879.4280174,3084481.2652369095
2014813562520,2014,813562520,14071688,COUNTY SHERIFF'S OFFICE,04 FOURTH,PALM BEACH,"May 9, 2014",0513,SATURDAY,9394 WEST PALM BEACH,0694,Y,RANCH DR,RANCH WAY,0.019,N,0,0,26.655895,-80.116971,93A13319,,,,,R RIGHT,S SIDE OF ROAD,O OFF-ROAD,,05 LOCAL,01 NON-JUNCTION,10 ROADSIDE,01 NOT AT INTERSECTION,01 PAVED,0,"December 31, 2000",,,,0,,0,,0,,,RCI,0,,,2 POSSIBLE INJURY,33 Q/C VERIFIED AS OFF-SYSTEM,0 NO,01 NOT AT INTERSECTION/RRX/BRIDGE,05 DARK-NOT LIGHTED,01 CLEAR,01 DRY,01 LEVEL,3 CURVE LEFT,"TWO-WAY, NOT DIVIDED","TWO-WAY, NOT DIVIDED",NO CONTROLS,UNKNOWN,,NONE,NOT CODED,NOT CODED,NONE,NOT CODED,NOT CODED,24 CURB,88 UNKNOWN,01 STRAIGHT AHEAD,OPERATED MV IN CARLESS OR NEGL,NOT CODED,00 NOT CODED,00 NOT CODED,00 NOT CODED,00 NOT CODED,01 NO,1,0,0,0,1,0,2,1,N,N,N,N,Y,Y,Y,N,N,N,N,Y,N,N,N,N,Y,N,N,N,N,N,N,N,N,N,26.655895021,-80.116970019,587877.167167,2948627.195203,C,U,ARBM15Q1R2,"February 27, 2022",758615,-8918580.604971977,3080546.3783150525
2014813885630,2014,813885630,14056096,COUNTY SHERIFF'S OFFICE,04 FOURTH,PALM BEACH,"March 30, 2014",1800,MONDAY,9394 WEST PALM BEACH,0694,Y,N JOG RD,VISTA PKWY N,0,E,0,0,26.720383,-80.151225,93000220,2.018,,,,I INTERSECTION,M MIDDLE,S SOUTH,,05 LOCAL,02 INTERSECTION,01 ON ROADWAY,03 T-INTERSECTION,03 CURB,0,"December 31, 2000",,,,0,,0,,0,,,RCI,0,,,1 NO INJURY,33 Q/C VERIFIED AS OFF-SYSTEM,0 NO,02 AT INTERSECTION,01 DAYLIGHT,01 CLEAR,01 DRY,01 LEVEL,1 STRAIGHT,"TWO-WAY, DIVIDED, POSITIVE MED","TWO-WAY, DIVIDED, POSITIVE MED",NO CONTROLS,NO CONTROLS,,NONE,NOT CODED,NOT CODED,NONE,NOT CODED,NOT CODED,14 MOTOR VEHICLE IN TRANSPORT,03 ANGLE,03 TURNING LEFT,OPERATED MV IN CARLESS OR NEGL,NO CONTRIBUTING ACTION,00 NOT CODED,00 NOT CODED,00 NOT CODED,00 NOT CODED,01 NO,0,0,0,0,2,0,2,4,N,N,N,Y,N,N,N,N,N,N,N,N,N,N,N,N,N,N,N,N,N,N,N,N,N,N,26.720385073,-80.151227306,584420.2765,2955747.1001,R,U,ARBM15Q1R2,"February 27, 2022",758869,-8922394.110093867,3088581.396374567
2014813973800,2014,813973800,14109112,COUNTY SHERIFF'S OFFICE,04 FOURTH,PALM BEACH,"August 15, 2014",2320,SATURDAY,9394 WEST PALM BEACH,0694,Y,SR 80,SANSBURY'S WAY,0,,0,0,26.6798128,-80.1847999,93120000,12.815,00328,SR 80,US 98,R RIGHT,1 THRU LANE 1,E EAST,30 URBAN 6+LN 2WY DIVD RASD,03 STATE,01 NON-JUNCTION,01 ON ROADWAY,01 NOT AT INTERSECTION,03 CURB,42,"June 26, 2012",14 URBAN PRIN ART OTHER,48,PAVED,4,CURB&GUTTER,2,,0,32,69500,RCI,8.6,,50,1 NO INJURY,31 Q/C COMPLETED - LOC VERIFIED,1 ALC,01 NOT AT INTERSECTION/RRX/BRIDGE,04 DARK-LIGHTED,02 CLOUDY,01 DRY,01 LEVEL,1 STRAIGHT,"TWO-WAY, DIVIDED, UNPROTECTED","TWO-WAY, DIVIDED, UNPROTECTED",NO CONTROLS,NO CONTROLS,8,NONE,NOT CODED,NOT CODED,NONE,NOT CODED,NOT CODED,14 MOTOR VEHICLE IN TRANSPORT,01 FRONT TO REAR,01 STRAIGHT AHEAD,OPERATED MV IN CARLESS OR NEGL,NO CONTRIBUTING ACTION,00 NOT CODED,00 NOT CODED,00 NOT CODED,00 NOT CODED,01 NO,0,0,0,0,2,0,2,2,N,N,N,N,N,N,N,N,N,N,N,N,N,N,N,N,N,N,N,N,N,N,N,N,N,N,26.679785517,-80.184897929,581099.951177,2951228.376493,R,,ARBM15Q1R2,"February 27, 2022",760361,-8926142.307569854,3083522.4400490206
2014813843140,2014,813843140,14056430,COUNTY SHERIFF'S OFFICE,04 FOURTH,PALM BEACH,"March 31, 2014",1439,TUESDAY,9394 WEST PALM BEACH,0694,Y,BENOIST FARMS RD,BELVEDERE RD,0.028,N,0,0,26.692432,-80.173725,93000003,0.897,,,,L LEFT,S SIDE OF ROAD,S SOUTH,,04 COUNTY,02 INTERSECTION,01 ON ROADWAY,02 FOUR-WAY INTERSECTION,01 PAVED,0,"December 31, 2000",,,,0,,0,,0,,,RCI,0,,,3 NO-INCAPACITATING INJURY,33 Q/C VERIFIED AS OFF-SYSTEM,0 NO,02 AT INTERSECTION,01 DAYLIGHT,01 CLEAR,01 DRY,01 LEVEL,1 STRAIGHT,"TWO-WAY, DIVIDED, UNPROTECTED","TWO-WAY, DIVIDED, UNPROTECTED",TRAFFIC CONTROL SIGNAL,TRAFFIC CONTROL SIGNAL,,NONE,NOT CODED,NOT CODED,NONE,NOT CODED,NOT CODED,14 MOTOR VEHICLE IN TRANSPORT,01 FRONT TO REAR,01 STRAIGHT AHEAD,OPERATED MV IN CARLESS OR NEGL,OTHER CONTRIBUTING ACTION,00 NOT CODED,00 NOT CODED,00 NOT CODED,00 NOT CODED,01 NO,6,0,0,0,3,0,3,6,N,N,N,Y,N,N,N,N,N,N,N,N,N,N,N,N,Y,Y,Y,N,N,N,N,N,N,N,26.692431321,-80.173722526,582202.840463,2952636.192856,C,U,ARBM15Q1R2,"February 27, 2022",761491,-8924898.267096242,3085097.9922568374
2014813848830,2014,813848830,14076789,COUNTY SHERIFF'S OFFICE,04 FOURTH,PALM BEACH,"May 21, 2014",2057,THURSDAY,9394 WEST PALM BEACH,0694,Y,BELVEDERE RD,13TH ST,0.111,W,0,0,26.692277,-80.101382,93503500,0.747,,,,M MEDIAN,M MIDDLE,W WEST,,04 COUNTY,01 NON-JUNCTION,04 MEDIAN,01 NOT AT INTERSECTION,03 CURB,0,"December 31, 2000",,,,0,,0,,0,,,RCI,0,,,2 POSSIBLE INJURY,33 Q/C VERIFIED AS OFF-SYSTEM,3 A/D,01 NOT AT INTERSECTION/RRX/BRIDGE,04 DARK-LIGHTED,01 CLEAR,01 DRY,01 LEVEL,2 CURVE RIGHT,"TWO-WAY, DIVIDED, UNPROTECTED",,NO CONTROLS,NOT CODED,,NONE,NOT CODED,NOT CODED,NONE,NOT CODED,NOT CODED,32 TREE (STANDING),77 OTHER (SEE NARRATIVE),01 STRAIGHT AHEAD,OPERATED MV IN CARLESS OR NEGL,NOT CODED,00 NOT CODED,00 NOT CODED,00 NOT CODED,00 NOT CODED,01 NO,1,0,0,0,1,0,1,1,N,N,N,N,Y,N,N,Y,N,N,N,N,N,N,N,N,N,N,N,N,N,N,N,N,N,N,26.692278596,-80.101380554,589400.295742,2952667.946084,L,U,ARBM15Q1R2,"February 27, 2022",761837,-8916845.193370415,3085078.963245984
2014813929650,2014,813929650,14100437,COUNTY SHERIFF'S OFFICE,04 FOURTH,PALM BEACH,"July 23, 2014",2330,THURSDAY,9394 WEST PALM BEACH,0694,Y,SR 80,SR 807,0,,0,0,26.6763616,-80.0779788,93120000,19.442,04480,SR 80,US 98,L LEFT,X RAMP,W WEST,30 URBAN 6+LN 2WY DIVD RASD,04 COUNTY,14 ENTRANCE/EXIT RAMP,04 MEDIAN,01 NOT AT INTERSECTION,01 PAVED,44,"June 26, 2012",14 URBAN PRIN ART OTHER,48,PAVED,4,CURB&GUTTER,2,,0,41,49000,RCI,6.9,,45,1 NO INJURY,31 Q/C COMPLETED - LOC VERIFIED,0 NO,08 EXIT RAMP,04 DARK-LIGHTED,01 CLEAR,01 DRY,01 LEVEL,1 STRAIGHT,ONE-WAY TRAFFICWAY,,UNKNOWN,NOT CODED,8,NONE,NOT CODED,NOT CODED,NONE,NOT CODED,NOT CODED,"39 OTHER FIXED OBJECT (WALL, BUIL",77 OTHER (SEE NARRATIVE),01 STRAIGHT AHEAD,"OPER MV AGRSIVE, ERATIC, RCKLS",NOT CODED,00 NOT CODED,00 NOT CODED,00 NOT CODED,00 NOT CODED,01 NO,0,0,0,0,1,0,1,5,N,N,N,N,Y,N,Y,N,N,N,N,Y,N,N,N,N,N,N,N,N,N,N,N,N,N,N,26.676624314,-80.07809938,591729.101338,2950950.564244,L,,ARBM15Q1R2,"February 27, 2022",761930,-8914253.544105938,3083128.6104025953
2014813815630,2014,813815630,14032117,COUNTY SHERIFF'S OFFICE,04 FOURTH,PALM BEACH,"January 28, 2014",1840,WEDNESDAY,9394 WEST PALM BEACH,0694,Y,10TH AVE N,MILITARY TR,0.019,E,0,0,26.6288568,-80.1130656,93070000,21.122,01991,SR 809,,S SIDE RD RIGHT,2 THRU LANE 2,W WEST,30 URBAN 6+LN 2WY DIVD RASD,05 LOCAL,01 NON-JUNCTION,01 ON ROADWAY,04 Y-INTERSECTION,03 CURB,34,"June 1, 2014",14 URBAN PRIN ART OTHER,33,PAVED,4,CURB&GUTTER,2,,0,16,40000,RCI,4,,40,1 NO INJURY,31 Q/C COMPLETED - LOC VERIFIED,1 ALC,03 INFLUENCED BY INTERSECTION,04 DARK-LIGHTED,03 RAIN,02 WET,01 LEVEL,1 STRAIGHT,"TWO-WAY, NOT DIVIDED","TWO-WAY, NOT DIVIDED",TRAFFIC CONTROL SIGNAL,TRAFFIC CONTROL SIGNAL,6,NONE,NOT CODED,NOT CODED,NONE,NOT CODED,NOT CODED,14 MOTOR VEHICLE IN TRANSPORT,01 FRONT TO REAR,01 STRAIGHT AHEAD,OPERATED MV IN CARLESS OR NEGL,NO CONTRIBUTING ACTION,00 NOT CODED,00 NOT CODED,00 NOT CODED,00 NOT CODED,01 NO,0,0,0,0,3,0,3,3,N,N,N,Y,N,Y,Y,Y,N,N,N,Y,N,N,N,N,N,N,N,N,N,Y,Y,N,N,N,26.628847777,-80.11305231,588287.864872,2945634.101432,R,,ARBM15Q1R2,"February 27, 2022",762622,-8918144.487360928,3077177.828992683
2014813953650,2014,813953650,14119952,COUNTY SHERIFF'S OFFICE,04 FOURTH,PALM BEACH,"September 14, 2014",0756,MONDAY,9394 WEST PALM BEACH,0694,Y,AUSTRALIAN AVE,,0.002,S,0,0,26.687498,-80.074516,93650000,0.838,,,,R RIGHT,2 THRU LANE 2,N NORTH,,04 COUNTY,03 INTERSECTION-RELATED,01 ON ROADWAY,02 FOUR-WAY INTERSECTION,03 CURB,0,"December 31, 2000",,,,0,,0,,0,,,RCI,0,,,2 POSSIBLE INJURY,33 Q/C VERIFIED AS OFF-SYSTEM,0 NO,03 INFLUENCED BY INTERSECTION,01 DAYLIGHT,01 CLEAR,01 DRY,01 LEVEL,1 STRAIGHT,"TWO-WAY, DIVIDED, POSITIVE MED","TWO-WAY, DIVIDED, POSITIVE MED",NO CONTROLS,TRAFFIC CONTROL SIGNAL,,NONE,NOT CODED,NOT CODED,NONE,NOT CODED,NOT CODED,14 MOTOR VEHICLE IN TRANSPORT,88 UNKNOWN,01 STRAIGHT AHEAD,OPERATED MV IN CARLESS OR NEGL,NO CONTRIBUTING ACTION,00 NOT CODED,00 NOT CODED,00 NOT CODED,00 NOT CODED,01 NO,1,0,0,0,3,0,3,5,N,N,N,Y,N,N,N,N,N,N,N,N,N,N,N,N,N,N,N,N,N,N,N,N,N,N,26.687498021,-80.074515936,592076.936003,2952157.548635,R,U,ARBM15Q1R2,"February 27, 2022",762670,-8913854.636834707,3084483.3273891467
2014813882320,2014,813882320,14079106,COUNTY SHERIFF'S OFFICE,04 FOURTH,PALM BEACH,"May 27, 2014",2242,WEDNESDAY,9394 WEST PALM BEACH,0694,Y,VICTORIA WOODS CIR,SUMMIT BLVD,0.03,S,0,0,26.662836,-80.133097,93A13047,,,,,L LEFT,S SIDE OF ROAD,S SOUTH,,04 COUNTY,01 NON-JUNCTION,03 SHOULDER,02 FOUR-WAY INTERSECTION,03 CURB,0,"December 31, 2000",,,,0,,0,,0,,,RCI,0,,,1 NO INJURY,33 Q/C VERIFIED AS OFF-SYSTEM,0 NO,01 NOT AT INTERSECTION/RRX/BRIDGE,04 DARK-LIGHTED,01 CLEAR,01 DRY,01 LEVEL,1 STRAIGHT,"TWO-WAY, DIVIDED, UNPROTECTED",,NO CONTROLS,NOT CODED,,NONE,NOT CODED,NOT CODED,NONE,NOT CODED,NOT CODED,33 UTILITY POLE/LIGHT SUPPORT,77 OTHER (SEE NARRATIVE),01 STRAIGHT AHEAD,NO CONTRIBUTING ACTION,NOT CODED,00 NOT CODED,00 NOT CODED,00 NOT CODED,00 NOT CODED,01 NO,0,0,0,0,1,0,1,1,N,N,N,N,Y,N,N,N,N,N,N,N,N,N,N,N,N,N,N,N,N,N,N,N,N,N,26.662836031,-80.133095289,586267.122485,2949384.996192,C,U,ARBM15Q1R2,"February 27, 2022",762722,-8920375.662329057,3081410.962286043