Crash Id,Calendar Year,FDOT Crash Number,Reporting Agency Case Number,Reporting Agency Type,FDOT Managing District,County Name,Crash Date,Crash Time,Day,DHSMV City,Crash Report City Code,In Town,On Roadway Name,Int Roadway Name,Reference Distance (Miles),Reference Direction,Officer Latitude,Officer Longitude,FDOT Latitude,FDOT Longitude,FDOT Roadway,Nearest Inventory MP,Nearest Node From Crash,State Road #,US Highway,Crash Side of Road,Accident Lane Number,Travel Direction Vehicle 1,FDOT Road Category,DHSMV Road System Id,Relation to Junction,Crash Harmful Event Location,Intersection Type,Shoulder Type,FDOT Roadway SKID Test Result,FDOT Roadway SKID Test Date,Functional Class,RCI Surface Width,RCI Shoulder Type First,RCI Shoulder Width First,RCI Shoulder Type Second,RCI Shoulder Width Second,RCI Shoulder Type Third,RCI Shoulder Width Third,RCI Median Width,Avg Daily Traffic,AADT Source,RCI Avg Per Truck Traffic,RCI Horiz Curve Condition,Posted Speed Limit,Highest Injury in Crash,CAR Status Code,Alcohols/Drug Involved,Site Location,Lighting,Weather,Road Surface,Roadway Grade,Roadway Alignment,Traffic Way Vehicle 1,Traffic Way Vehicle 2,Traffic Control Vehicle 1,Traffic Control Vehicle 2,Count of Lanes,Road Condition 1,Road Condition 2,Road Condition 3,Environment Condition 1,Environment Condition 2,Environment Condition 3,Crash Harmful Event,Manner of Collision,Vehicle Movement,Driver Action Vehicle 1,Driver Action Vehicle 2,Location Within Workzone,Type of Workzone,Workers Present in Workzone,Law Enforcement Present in Workzone,School Bus Related,Count of Nonfatal Injuries,Count of Traffic Fatalities,Count of Serious Injuries,Count of Pedestrians,Count of Drivers,Count of Bicyclists,Count of Vehicles,Count of Persons,Wrong Way,Workzone Inv,Commercial Vehicle Inv,Intersection Inv,Lane Departure,Speeding,Agressive Driving,Impaired Driver,Impaired Pedestrian,Impaired Bicyclist,Distracted Driver,Speeding or Aggressive Driving,Pedestrian Related,Bicyclist Related,Pedestrian or Bicyclist Related,Motorcycle Inv,No Belt,No Belt - Ages 1-4,No Belt - Ages 5-12,No Belt - Ages 13-17,Driver - Ages Teen,Driver - Ages 65 plus,Driver - Ages 65-69,Driver - Ages 70-74,Driver - Ages 75-79,Driver - Ages 80 plus,ARBM Latitude,ARBM Longitude,UTM Zone 17N X,UTM Zone 17N Y,ARBM Side of Road,Urban Rural Indicator,GIS Street Source,Extract Date,OBJECTID,x,y
2014850003740,2014,850003740,20140021805,COUNTY SHERIFF'S OFFICE,04 FOURTH,PALM BEACH,"December 27, 2014",1054,SUNDAY,9394 WEST PALM BEACH,0694,Y,PALM BEACH LAKES BLVD,,0.123,E,0,0,26.722604,-80.086464,93014500,1.411,,,,I INTERSECTION,M MIDDLE,E EAST,,05 LOCAL,02 INTERSECTION,01 ON ROADWAY,02 FOUR-WAY INTERSECTION,01 PAVED,0,"December 31, 2000",,,,0,,0,,0,,,RCI,0,,,1 NO INJURY,33 Q/C VERIFIED AS OFF-SYSTEM,0 NO,02 AT INTERSECTION,01 DAYLIGHT,01 CLEAR,01 DRY,01 LEVEL,1 STRAIGHT,"TWO-WAY, DIVIDED, POSITIVE MED","TWO-WAY, DIVIDED, POSITIVE MED",TRAFFIC CONTROL SIGNAL,NO CONTROLS,,NONE,NOT CODED,NOT CODED,NONE,NOT CODED,NOT CODED,14 MOTOR VEHICLE IN TRANSPORT,02 FRONT TO FRONT,01 STRAIGHT AHEAD,NO CONTRIBUTING ACTION,NO CONTRIBUTING ACTION,00 NOT CODED,00 NOT CODED,00 NOT CODED,00 NOT CODED,01 NO,0,0,0,0,2,0,2,2,N,N,N,Y,N,N,N,N,N,N,N,N,N,N,N,N,N,N,N,N,N,N,N,N,N,N,26.722605963,-80.086466434,590860.047493,2956037.639695,L,U,ARBM15Q1R2,"February 27, 2022",810010,-8915184.960689219,3088858.1851545605
2014849991540,2014,849991540,20140017153,COUNTY SHERIFF'S OFFICE,04 FOURTH,PALM BEACH,"October 6, 2014",1511,TUESDAY,9394 WEST PALM BEACH,0694,Y,PALM BEACH LAKES BLVD,SPENCER DR,0.014,W,0,0,26.711456,-80.096123,93014500,0.429,,,,R RIGHT,S SIDE OF ROAD,E EAST,,05 LOCAL,01 NON-JUNCTION,04 MEDIAN,01 NOT AT INTERSECTION,01 PAVED,0,"December 31, 2000",,,,0,,0,,0,,,RCI,0,,,4 INCAPACITATING INJURY,33 Q/C VERIFIED AS OFF-SYSTEM,0 NO,01 NOT AT INTERSECTION/RRX/BRIDGE,01 DAYLIGHT,01 CLEAR,01 DRY,01 LEVEL,1 STRAIGHT,"TWO-WAY, DIVIDED, POSITIVE MED",,NO CONTROLS,NOT CODED,,NONE,NOT CODED,NOT CODED,NONE,NOT CODED,NOT CODED,32 TREE (STANDING),77 OTHER (SEE NARRATIVE),01 STRAIGHT AHEAD,FOLLOWED TOO CLOSELY,NOT CODED,00 NOT CODED,00 NOT CODED,00 NOT CODED,00 NOT CODED,01 NO,1,0,1,0,1,0,1,1,N,N,N,N,Y,N,N,N,N,N,N,N,N,N,N,N,N,N,N,N,N,N,N,N,N,N,26.711454532,-80.096120966,589908.520871,2954795.624265,R,U,ARBM15Q1R2,"February 27, 2022",810065,-8916259.698514022,3087468.441055011
2014849994290,2014,849994290,20140018182,COUNTY SHERIFF'S OFFICE,04 FOURTH,PALM BEACH,"October 25, 2014",0023,SUNDAY,9394 WEST PALM BEACH,0694,Y,OKEECHOBEE BLVD,BENOIST FARMS RD,0,,0,0,26.7084331,-80.1698092,93280000,1.913,00897,SR 704,,L LEFT,3 THRU LANE 3,W WEST,33 SUBURBAN 6+LN 2WY DIVD RASD,04 COUNTY,01 NON-JUNCTION,01 ON ROADWAY,02 FOUR-WAY INTERSECTION,01 PAVED,41,"June 2, 2014",14 URBAN PRIN ART OTHER,48,PAVED,5,LAWN,12,,0,35,54500,RCI,3.6,,50,1 NO INJURY,31 Q/C COMPLETED - LOC VERIFIED,0 NO,02 AT INTERSECTION,04 DARK-LIGHTED,01 CLEAR,01 DRY,01 LEVEL,1 STRAIGHT,"TWO-WAY, DIVIDED, POSITIVE MED","TWO-WAY, DIVIDED, POSITIVE MED",NO CONTROLS,NO CONTROLS,8,NONE,UNKNOWN,NOT CODED,NONE,NOT CODED,NOT CODED,14 MOTOR VEHICLE IN TRANSPORT,01 FRONT TO REAR,01 STRAIGHT AHEAD,NO CONTRIBUTING ACTION,NO CONTRIBUTING ACTION,00 NOT CODED,00 NOT CODED,00 NOT CODED,00 NOT CODED,01 NO,0,0,0,0,2,0,2,2,N,N,N,Y,N,N,N,N,N,N,N,N,N,N,N,N,N,N,N,N,N,N,N,N,N,N,26.708631904,-80.169920827,582569.389413,2954433.049523,L,,ARBM15Q1R2,"February 27, 2022",810066,-8924475.063896032,3087116.693058826
2014849994320,2014,849994320,20140018185,COUNTY SHERIFF'S OFFICE,04 FOURTH,PALM BEACH,"October 25, 2014",0114,SUNDAY,9394 WEST PALM BEACH,0694,Y,BROADWAY,45TH ST,0,,0,0,26.7530716,-80.0561331,93020000,11.429,00769,SR 5,US 1,L LEFT,2 THRU LANE 2,N NORTH,21 URBAN 4-5LN 2WY DIVD PAVD,05 LOCAL,03 INTERSECTION-RELATED,01 ON ROADWAY,02 FOUR-WAY INTERSECTION,03 CURB,41,"June 23, 2013",16 URBAN MINOR ART,22,CURB&GUTTER,2,,0,,0,16,18900,RCI,2,,35,1 NO INJURY,31 Q/C COMPLETED - LOC VERIFIED,0 NO,02 AT INTERSECTION,04 DARK-LIGHTED,02 CLOUDY,01 DRY,01 LEVEL,1 STRAIGHT,"TWO-WAY, DIVIDED, UNPROTECTED","TWO-WAY, DIVIDED, UNPROTECTED",NO CONTROLS,NO CONTROLS,4,NONE,NONE,NONE,NONE,NONE,NONE,14 MOTOR VEHICLE IN TRANSPORT,03 ANGLE,03 TURNING LEFT,FAILED TO YIELD RIGHT-OF-WAY,NO CONTRIBUTING ACTION,00 NOT CODED,00 NOT CODED,00 NOT CODED,00 NOT CODED,01 NO,0,0,0,0,2,0,2,4,N,N,N,Y,N,N,N,N,N,N,N,N,N,N,N,N,N,N,N,N,N,N,N,N,N,N,26.753048856,-80.056146643,593850.821179,2959431.602097,C,,ARBM15Q1R2,"February 27, 2022",810067,-8911809.776057959,3092652.816376186
2014849989080,2014,849989080,20140016164,COUNTY SHERIFF'S OFFICE,04 FOURTH,PALM BEACH,"September 20, 2014",0323,SUNDAY,9394 WEST PALM BEACH,0694,Y,N JOG RD,,0.014,E,0,0,26.731699,-80.137652,93000220,3.254,,,,R RIGHT,S SIDE OF ROAD,S SOUTH,,05 LOCAL,01 NON-JUNCTION,01 ON ROADWAY,01 NOT AT INTERSECTION,03 CURB,0,"December 31, 2000",,,,0,,0,,0,,,RCI,0,,,2 POSSIBLE INJURY,33 Q/C VERIFIED AS OFF-SYSTEM,1 ALC,01 NOT AT INTERSECTION/RRX/BRIDGE,04 DARK-LIGHTED,01 CLEAR,01 DRY,01 LEVEL,1 STRAIGHT,"TWO-WAY, DIVIDED, POSITIVE MED","TWO-WAY, DIVIDED, POSITIVE MED",NO CONTROLS,NO CONTROLS,,NONE,NOT CODED,NOT CODED,NONE,NOT CODED,NOT CODED,15 PARKED MOTOR VEHICLE,03 ANGLE,01 STRAIGHT AHEAD,OPERATED MV IN CARLESS OR NEGL,NOT CODED,00 NOT CODED,00 NOT CODED,00 NOT CODED,00 NOT CODED,01 NO,1,0,0,0,1,0,2,1,N,N,N,N,Y,N,N,N,N,N,Y,N,N,N,N,N,N,N,N,N,N,N,N,N,N,N,26.731697265,-80.137649343,585762.341325,2957009.134382,R,U,ARBM15Q1R2,"February 27, 2022",810140,-8920882.617698818,3089991.286945828
2014850002920,2014,850002920,20140021518,COUNTY SHERIFF'S OFFICE,04 FOURTH,PALM BEACH,"December 21, 2014",1926,MONDAY,9394 WEST PALM BEACH,0694,Y,25TH ST,ELECTRONICS WAY,0,E,0,0,26.736658,-80.065632,93000056,0.128,,,,I INTERSECTION,M MIDDLE,E EAST,,05 LOCAL,01 NON-JUNCTION,01 ON ROADWAY,03 T-INTERSECTION,01 PAVED,0,"December 31, 2000",,,,0,,0,,0,,,RCI,0,,,3 NO-INCAPACITATING INJURY,33 Q/C VERIFIED AS OFF-SYSTEM,0 NO,01 NOT AT INTERSECTION/RRX/BRIDGE,04 DARK-LIGHTED,01 CLEAR,01 DRY,01 LEVEL,1 STRAIGHT,"TWO-WAY, DIVIDED, UNPROTECTED","TWO-WAY, DIVIDED, UNPROTECTED",NO CONTROLS,NO CONTROLS,,NONE,NONE,NOT CODED,NONE,NONE,NOT CODED,14 MOTOR VEHICLE IN TRANSPORT,02 FRONT TO FRONT,03 TURNING LEFT,FAILED TO YIELD RIGHT-OF-WAY,NO CONTRIBUTING ACTION,00 NOT CODED,00 NOT CODED,00 NOT CODED,00 NOT CODED,01 NO,1,0,0,0,2,0,2,3,N,N,N,N,Y,N,N,N,N,N,N,N,N,N,N,N,N,N,N,N,N,N,N,N,N,N,26.736655068,-80.065627331,592921.3985,2957608.8037,C,U,ARBM15Q1R2,"February 27, 2022",810171,-8912865.16165321,3090609.2451019785
2014850002940,2014,850002940,20140021537,COUNTY SHERIFF'S OFFICE,04 FOURTH,PALM BEACH,"December 22, 2014",0810,TUESDAY,9394 WEST PALM BEACH,0694,Y,JOG RD,ROEBUCK RD,0,N,0,0,26.736549,-80.136,93000220,3.608,,,,L LEFT,S SIDE OF ROAD,N NORTH,,04 COUNTY,01 NON-JUNCTION,01 ON ROADWAY,01 NOT AT INTERSECTION,03 CURB,0,"December 31, 2000",,,,0,,0,,0,,,RCI,0,,,1 NO INJURY,33 Q/C VERIFIED AS OFF-SYSTEM,0 NO,01 NOT AT INTERSECTION/RRX/BRIDGE,01 DAYLIGHT,01 CLEAR,01 DRY,03 UPHILL,3 CURVE LEFT,"TWO-WAY, DIVIDED, UNPROTECTED",,NO CONTROLS,NOT CODED,,NONE,NOT CODED,NOT CODED,NONE,NOT CODED,NOT CODED,05 CARGO/EQUIPMENT LOSS OR SHIFT,77 OTHER (SEE NARRATIVE),15 NEGOTIATING A CURVE,OTHER CONTRIBUTING ACTION,NOT CODED,00 NOT CODED,00 NOT CODED,00 NOT CODED,00 NOT CODED,01 NO,0,0,0,0,1,0,1,1,N,N,Y,N,N,N,N,N,N,N,N,N,N,N,N,N,Y,N,N,N,N,N,N,N,N,N,26.736544729,-80.135998754,585922.860326,2957547.164587,L,U,ARBM15Q1R2,"February 27, 2022",810172,-8920698.874951646,3090595.491646811
2014849998680,2014,849998680,20140019903,COUNTY SHERIFF'S OFFICE,04 FOURTH,PALM BEACH,"November 22, 2014",2231,SUNDAY,9394 WEST PALM BEACH,0694,Y,OKEECHOBEE BLVD,AUSTRALIAN AVE,0.095,W,0,0,26.7056791,-80.0671252,93280000,8.257,01759,SR 704,,L LEFT,1 THRU LANE 1,W WEST,30 URBAN 6+LN 2WY DIVD RASD,04 COUNTY,77 OTHER (SEE NARRATIVE),01 ON ROADWAY,01 NOT AT INTERSECTION,01 PAVED,36,"June 2, 2014",14 URBAN PRIN ART OTHER,44,PAVED,4,CURB&GUTTER,2,,0,22,68000,RCI,1.4,,45,2 POSSIBLE INJURY,31 Q/C COMPLETED - LOC VERIFIED,1 ALC,01 NOT AT INTERSECTION/RRX/BRIDGE,04 DARK-LIGHTED,01 CLEAR,01 DRY,01 LEVEL,1 STRAIGHT,"TWO-WAY, DIVIDED, POSITIVE MED","TWO-WAY, DIVIDED, POSITIVE MED",NO CONTROLS,NO CONTROLS,7,NONE,NOT CODED,NOT CODED,NONE,NOT CODED,NOT CODED,14 MOTOR VEHICLE IN TRANSPORT,01 FRONT TO REAR,01 STRAIGHT AHEAD,OTHER CONTRIBUTING ACTION,OTHER CONTRIBUTING ACTION,00 NOT CODED,00 NOT CODED,00 NOT CODED,00 NOT CODED,01 NO,2,0,0,0,2,0,2,2,N,N,N,N,N,N,N,Y,N,N,N,N,N,N,N,N,N,N,N,N,N,N,N,N,N,N,26.705803881,-80.066854261,592824.40347,2954190.719057,L,,ARBM15Q1R2,"February 27, 2022",810187,-8913001.742768347,3086764.2821812006
2014850001660,2014,850001660,20140021057,COUNTY SHERIFF'S OFFICE,04 FOURTH,PALM BEACH,"December 14, 2014",0041,MONDAY,9394 WEST PALM BEACH,0694,Y,N AUSTRALIAN AVE,45TH ST,0.019,S,0,0,26.752848,-80.072371,93025501,2.014,,,,R RIGHT,L LEFT TURN,N NORTH,,05 LOCAL,01 NON-JUNCTION,01 ON ROADWAY,01 NOT AT INTERSECTION,01 PAVED,0,"December 31, 2000",,,,0,,0,,0,,,RCI,0,,,3 NO-INCAPACITATING INJURY,33 Q/C VERIFIED AS OFF-SYSTEM,0 NO,01 NOT AT INTERSECTION/RRX/BRIDGE,04 DARK-LIGHTED,01 CLEAR,01 DRY,01 LEVEL,1 STRAIGHT,"TWO-WAY, DIVIDED, POSITIVE MED",,NO CONTROLS,NOT CODED,,NONE,NOT CODED,NOT CODED,NONE,NOT CODED,NOT CODED,09 OTHER NON-COLLISION,77 OTHER (SEE NARRATIVE),01 STRAIGHT AHEAD,NO CONTRIBUTING ACTION,NOT CODED,00 NOT CODED,00 NOT CODED,00 NOT CODED,00 NOT CODED,01 NO,1,0,0,0,1,0,1,1,N,N,N,N,Y,N,N,N,N,N,N,N,N,N,N,Y,N,N,N,N,N,N,N,N,N,N,26.752848183,-80.072374633,592237.289065,2959397.51025,R,U,ARBM15Q1R2,"February 27, 2022",810188,-8913616.268172288,3092627.799559433
2014849989060,2014,849989060,20140016157,COUNTY SHERIFF'S OFFICE,04 FOURTH,PALM BEACH,"September 20, 2014",0056,SUNDAY,9394 WEST PALM BEACH,0694,Y,DIXIE HWY S,GREYMON DR,0,,0,0,26.6814642,-80.0545845,93050000,6.233,02172,SR 805,US 1,L LEFT,S SIDE OF ROAD,N NORTH,22 URBAN 4-5LN 2WY UNDIVD,03 STATE,01 NON-JUNCTION,01 ON ROADWAY,01 NOT AT INTERSECTION,03 CURB,36,"June 3, 2014",16 URBAN MINOR ART,44,PAVED,7,CURB&GUTTER,2,,0,,17900,RCI,2.2,,35,1 NO INJURY,31 Q/C COMPLETED - LOC VERIFIED,1 ALC,04 DRIVEWAY ACCESS,04 DARK-LIGHTED,01 CLEAR,01 DRY,01 LEVEL,1 STRAIGHT,"TWO-WAY, NOT DIVIDED","TWO-WAY, NOT DIVIDED",NO CONTROLS,NO CONTROLS,4,NONE,NOT CODED,NOT CODED,NONE,NOT CODED,NOT CODED,14 MOTOR VEHICLE IN TRANSPORT,03 ANGLE,01 STRAIGHT AHEAD,OPERATED MV IN CARLESS OR NEGL,NO CONTRIBUTING ACTION,00 NOT CODED,00 NOT CODED,00 NOT CODED,00 NOT CODED,01 NO,0,0,0,0,2,0,2,3,N,N,N,N,N,N,N,Y,N,N,N,N,N,N,N,N,N,N,N,N,N,N,N,N,N,N,26.681448754,-80.054576194,594065.824881,2951502.06062,C,,ARBM15Q1R2,"February 27, 2022",810421,-8911634.954152007,3083729.654563982
2014849992480,2014,849992480,20140017528,COUNTY SHERIFF'S OFFICE,04 FOURTH,PALM BEACH,"October 12, 2014",2202,MONDAY,9394 WEST PALM BEACH,0694,Y,ROEBUCK RD,EASLEY DR,0.028,W,0,0,26.736366,-80.129658,93000235,0.391,,,,R RIGHT,1 THRU LANE 1,E EAST,,05 LOCAL,01 NON-JUNCTION,01 ON ROADWAY,03 T-INTERSECTION,03 CURB,0,"December 31, 2000",,,,0,,0,,0,,,RCI,0,,,2 POSSIBLE INJURY,33 Q/C VERIFIED AS OFF-SYSTEM,0 NO,01 NOT AT INTERSECTION/RRX/BRIDGE,05 DARK-NOT LIGHTED,01 CLEAR,01 DRY,01 LEVEL,1 STRAIGHT,"TWO-WAY, NOT DIVIDED","TWO-WAY, NOT DIVIDED",NO CONTROLS,NO CONTROLS,,NONE,NOT CODED,NOT CODED,NONE,NOT CODED,NOT CODED,14 MOTOR VEHICLE IN TRANSPORT,01 FRONT TO REAR,01 STRAIGHT AHEAD,FOLLOWED TOO CLOSELY,NO CONTRIBUTING ACTION,00 NOT CODED,00 NOT CODED,00 NOT CODED,00 NOT CODED,01 NO,1,0,0,0,2,0,2,2,N,N,N,N,N,N,N,N,N,N,Y,N,N,N,N,N,N,N,N,N,N,N,N,N,N,N,26.736364471,-80.12965808,586553.590628,2957531.492701,C,U,ARBM15Q1R2,"February 27, 2022",810458,-8919993.034155786,3090573.0230903793
2014849992500,2014,849992500,20140017537,COUNTY SHERIFF'S OFFICE,04 FOURTH,PALM BEACH,"October 13, 2014",0945,TUESDAY,9394 WEST PALM BEACH,0694,Y,FOREST HILL BLVD,DIXIE HWY,0.005,W,0,0,26.6550564,-80.0560308,93016000,9.228,00098,SR 882,,L LEFT,1 THRU LANE 1,W WEST,21 URBAN 4-5LN 2WY DIVD PAVD,05 LOCAL,01 NON-JUNCTION,01 ON ROADWAY,01 NOT AT INTERSECTION,03 CURB,36,"August 4, 2002",16 URBAN MINOR ART,17,PAVED,1,RAISED CURB,0,,0,11,17300,RCI,3.8,,35,2 POSSIBLE INJURY,31 Q/C COMPLETED - LOC VERIFIED,0 NO,04 DRIVEWAY ACCESS,01 DAYLIGHT,01 CLEAR,02 WET,01 LEVEL,1 STRAIGHT,"TWO-WAY, NOT DIVIDED","TWO-WAY, NOT DIVIDED",NO CONTROLS,NO CONTROLS,4,NONE,NOT CODED,NOT CODED,NONE,NOT CODED,NOT CODED,14 MOTOR VEHICLE IN TRANSPORT,01 FRONT TO REAR,01 STRAIGHT AHEAD,FOLLOWED TOO CLOSELY,NO CONTRIBUTING ACTION,00 NOT CODED,00 NOT CODED,00 NOT CODED,00 NOT CODED,01 NO,1,0,0,0,2,0,3,2,N,N,N,N,N,N,N,N,N,N,N,N,N,N,N,N,N,N,N,N,N,N,N,N,N,N,26.655055832,-80.056023464,593943.438561,2948577.633993,C,,ARBM15Q1R2,"February 27, 2022",810459,-8911796.063517703,3080441.8512876476
2014849995100,2014,849995100,20140018528,COUNTY SHERIFF'S OFFICE,04 FOURTH,PALM BEACH,"October 30, 2014",1010,FRIDAY,9394 WEST PALM BEACH,0694,Y,OKEECHOBEE BLVD,RED TRL,0,,0,0,26.7061377,-80.0793236,93280000,7.503,04300,SR 704,,R RIGHT,1 THRU LANE 1,S SOUTH,30 URBAN 6+LN 2WY DIVD RASD,04 COUNTY,01 NON-JUNCTION,01 ON ROADWAY,01 NOT AT INTERSECTION,03 CURB,31,"June 2, 2014",14 URBAN PRIN ART OTHER,44,PAVED,3,CURB&GUTTER,2,,0,18,57000,RCI,8.6,,45,1 NO INJURY,31 Q/C COMPLETED - LOC VERIFIED,0 NO,04 DRIVEWAY ACCESS,01 DAYLIGHT,01 CLEAR,01 DRY,01 LEVEL,1 STRAIGHT,"TWO-WAY, DIVIDED, POSITIVE MED","TWO-WAY, DIVIDED, POSITIVE MED",NO CONTROLS,NO CONTROLS,8,NONE,NOT CODED,NOT CODED,NONE,NOT CODED,NOT CODED,14 MOTOR VEHICLE IN TRANSPORT,03 ANGLE,06 CHANGING LANES,FAILED TO KEEP IN PROPER LANE,NO CONTRIBUTING ACTION,00 NOT CODED,00 NOT CODED,00 NOT CODED,00 NOT CODED,01 NO,0,0,0,0,2,0,2,2,N,N,N,N,Y,N,N,N,N,N,N,N,N,N,N,N,N,N,N,N,N,Y,N,Y,N,N,26.706101266,-80.079383042,591577.803876,2954214.5964,R,,ARBM15Q1R2,"February 27, 2022",810460,-8914396.440716563,3086801.340110181
2014849995120,2014,849995120,20140018544,COUNTY SHERIFF'S OFFICE,04 FOURTH,PALM BEACH,"October 30, 2014",1324,FRIDAY,9394 WEST PALM BEACH,0694,Y,OKEECHOBEE BLVD,AUSTRALIAN AVE,0.028,E,0,0,26.7056482,-80.0648099,93280000,8.4,01761,SR 704,,R RIGHT,2 THRU LANE 2,E EAST,30 URBAN 6+LN 2WY DIVD RASD,04 COUNTY,01 NON-JUNCTION,01 ON ROADWAY,01 NOT AT INTERSECTION,03 CURB,36,"June 2, 2014",14 URBAN PRIN ART OTHER,34,CURB&GUTTER,2,CURB&GUTTER,0,,0,22,63500,RCI,3.6,9D0000,45,1 NO INJURY,31 Q/C COMPLETED - LOC VERIFIED,0 NO,01 NOT AT INTERSECTION/RRX/BRIDGE,01 DAYLIGHT,01 CLEAR,01 DRY,01 LEVEL,1 STRAIGHT,"TWO-WAY, DIVIDED, POSITIVE MED","TWO-WAY, DIVIDED, POSITIVE MED",NO CONTROLS,NO CONTROLS,6,NONE,NOT CODED,NOT CODED,NONE,NOT CODED,NOT CODED,14 MOTOR VEHICLE IN TRANSPORT,01 FRONT TO REAR,01 STRAIGHT AHEAD,NO CONTRIBUTING ACTION,NO CONTRIBUTING ACTION,00 NOT CODED,00 NOT CODED,00 NOT CODED,00 NOT CODED,01 NO,0,0,0,0,3,0,3,3,N,N,N,N,N,Y,N,N,N,N,N,Y,N,N,N,N,N,N,N,N,N,Y,N,Y,Y,N,26.705623009,-80.064847276,593024.205311,2954172.148096,R,,ARBM15Q1R2,"February 27, 2022",810462,-8912778.326208878,3086741.7432693765
2014849995150,2014,849995150,20140018551,COUNTY SHERIFF'S OFFICE,04 FOURTH,PALM BEACH,"October 30, 2014",1505,FRIDAY,9394 WEST PALM BEACH,0694,Y,PALM BEACH LAKES BLVD,N ROBBINS DR,0.015,W,0,0,26.715872,-80.092209,93014500,0.823,,,,R RIGHT,1 THRU LANE 1,E EAST,,05 LOCAL,01 NON-JUNCTION,01 ON ROADWAY,01 NOT AT INTERSECTION,03 CURB,0,"December 31, 2000",,,,0,,0,,0,,,RCI,0,,,1 NO INJURY,33 Q/C VERIFIED AS OFF-SYSTEM,0 NO,01 NOT AT INTERSECTION/RRX/BRIDGE,01 DAYLIGHT,02 CLOUDY,02 WET,01 LEVEL,1 STRAIGHT,"TWO-WAY, DIVIDED, POSITIVE MED","TWO-WAY, DIVIDED, POSITIVE MED",TRAFFIC CONTROL SIGNAL,TRAFFIC CONTROL SIGNAL,,NONE,NOT CODED,NOT CODED,NONE,NOT CODED,NOT CODED,14 MOTOR VEHICLE IN TRANSPORT,01 FRONT TO REAR,01 STRAIGHT AHEAD,OPERATED MV IN CARLESS OR NEGL,NO CONTRIBUTING ACTION,00 NOT CODED,00 NOT CODED,00 NOT CODED,00 NOT CODED,01 NO,0,0,0,0,4,0,4,5,N,N,N,N,N,N,N,N,N,N,N,N,N,N,N,N,N,N,N,N,N,N,N,N,N,N,26.715872347,-80.092209488,590294.128178,2955287.720222,R,U,ARBM15Q1R2,"February 27, 2022",810463,-8915824.274682777,3088018.9936996396
2014849997830,2014,849997830,20140019594,COUNTY SHERIFF'S OFFICE,04 FOURTH,PALM BEACH,"November 17, 2014",1725,TUESDAY,9394 WEST PALM BEACH,0694,Y,45TH ST,METROCENTRE BLVD N,0.013,W,0,0,26.759195,-80.09688,93510000,0.721,,,,R RIGHT,1 THRU LANE 1,E EAST,,04 COUNTY,03 INTERSECTION-RELATED,01 ON ROADWAY,02 FOUR-WAY INTERSECTION,03 CURB,0,"December 31, 2000",,,,0,,0,,0,,,RCI,0,,,1 NO INJURY,33 Q/C VERIFIED AS OFF-SYSTEM,0 NO,03 INFLUENCED BY INTERSECTION,02 DUSK,01 CLEAR,01 DRY,01 LEVEL,1 STRAIGHT,"TWO-WAY, DIVIDED, POSITIVE MED","TWO-WAY, DIVIDED, POSITIVE MED",TRAFFIC CONTROL SIGNAL,TRAFFIC CONTROL SIGNAL,,NONE,NOT CODED,NOT CODED,NONE,NOT CODED,NOT CODED,14 MOTOR VEHICLE IN TRANSPORT,01 FRONT TO REAR,01 STRAIGHT AHEAD,OPERATED MV IN CARLESS OR NEGL,NO CONTRIBUTING ACTION,00 NOT CODED,00 NOT CODED,00 NOT CODED,00 NOT CODED,01 NO,0,0,0,0,2,0,2,2,N,N,N,Y,N,N,N,N,N,N,N,N,N,N,N,N,N,N,N,N,N,N,N,N,N,N,26.759193927,-80.096880055,589795.51187,2960082.861927,R,U,ARBM15Q1R2,"February 27, 2022",810599,-8916344.200109223,3093418.9072870747
2014849992410,2014,849992410,20140017511,COUNTY SHERIFF'S OFFICE,04 FOURTH,PALM BEACH,"October 12, 2014",1523,MONDAY,9394 WEST PALM BEACH,0694,Y,LAKE AVE,UPLAND RD,0.002,N,0,0,26.692996,-80.06038,93000043,1.181,,,,L LEFT,S SIDE OF ROAD,N NORTH,,05 LOCAL,01 NON-JUNCTION,01 ON ROADWAY,01 NOT AT INTERSECTION,03 CURB,0,"December 31, 2000",,,,0,,0,,0,,,RCI,0,,,1 NO INJURY,33 Q/C VERIFIED AS OFF-SYSTEM,0 NO,01 NOT AT INTERSECTION/RRX/BRIDGE,01 DAYLIGHT,01 CLEAR,01 DRY,01 LEVEL,1 STRAIGHT,"TWO-WAY, NOT DIVIDED",,NO CONTROLS,NOT CODED,,NONE,NOT CODED,NOT CODED,NONE,NOT CODED,NOT CODED,24 CURB,01 FRONT TO REAR,01 STRAIGHT AHEAD,OPERATED MV IN CARLESS OR NEGL,NOT CODED,00 NOT CODED,00 NOT CODED,00 NOT CODED,00 NOT CODED,01 NO,0,0,0,0,1,0,1,1,N,N,N,N,Y,N,N,N,N,N,N,N,N,N,N,N,Y,N,N,N,N,N,N,N,N,N,26.692995888,-80.060376206,593479.294899,2952776.795394,C,U,ARBM15Q1R2,"February 27, 2022",810736,-8912280.608838676,3085168.3365209643