Crash Id,Calendar Year,FDOT Crash Number,Reporting Agency Case Number,Reporting Agency Type,FDOT Managing District,County Name,Crash Date,Crash Time,Day,DHSMV City,Crash Report City Code,In Town,On Roadway Name,Int Roadway Name,Reference Distance (Miles),Reference Direction,Officer Latitude,Officer Longitude,FDOT Latitude,FDOT Longitude,FDOT Roadway,Nearest Inventory MP,Nearest Node From Crash,State Road #,US Highway,Crash Side of Road,Accident Lane Number,Travel Direction Vehicle 1,FDOT Road Category,DHSMV Road System Id,Relation to Junction,Crash Harmful Event Location,Intersection Type,Shoulder Type,FDOT Roadway SKID Test Result,FDOT Roadway SKID Test Date,Functional Class,RCI Surface Width,RCI Shoulder Type First,RCI Shoulder Width First,RCI Shoulder Type Second,RCI Shoulder Width Second,RCI Shoulder Type Third,RCI Shoulder Width Third,RCI Median Width,Avg Daily Traffic,AADT Source,RCI Avg Per Truck Traffic,RCI Horiz Curve Condition,Posted Speed Limit,Highest Injury in Crash,CAR Status Code,Alcohols/Drug Involved,Site Location,Lighting,Weather,Road Surface,Roadway Grade,Roadway Alignment,Traffic Way Vehicle 1,Traffic Way Vehicle 2,Traffic Control Vehicle 1,Traffic Control Vehicle 2,Count of Lanes,Road Condition 1,Road Condition 2,Road Condition 3,Environment Condition 1,Environment Condition 2,Environment Condition 3,Crash Harmful Event,Manner of Collision,Vehicle Movement,Driver Action Vehicle 1,Driver Action Vehicle 2,Location Within Workzone,Type of Workzone,Workers Present in Workzone,Law Enforcement Present in Workzone,School Bus Related,Count of Nonfatal Injuries,Count of Traffic Fatalities,Count of Serious Injuries,Count of Pedestrians,Count of Drivers,Count of Bicyclists,Count of Vehicles,Count of Persons,Wrong Way,Workzone Inv,Commercial Vehicle Inv,Intersection Inv,Lane Departure,Speeding,Agressive Driving,Impaired Driver,Impaired Pedestrian,Impaired Bicyclist,Distracted Driver,Speeding or Aggressive Driving,Pedestrian Related,Bicyclist Related,Pedestrian or Bicyclist Related,Motorcycle Inv,No Belt,No Belt - Ages 1-4,No Belt - Ages 5-12,No Belt - Ages 13-17,Driver - Ages Teen,Driver - Ages 65 plus,Driver - Ages 65-69,Driver - Ages 70-74,Driver - Ages 75-79,Driver - Ages 80 plus,ARBM Latitude,ARBM Longitude,UTM Zone 17N X,UTM Zone 17N Y,ARBM Side of Road,Urban Rural Indicator,GIS Street Source,Extract Date,OBJECTID,x,y
2014850002070,2014,850002070,20140021212,COUNTY SHERIFF'S OFFICE,04 FOURTH,PALM BEACH,"December 16, 2014",1014,WEDNESDAY,9394 WEST PALM BEACH,0694,Y,PALM BEACH LAKES BLVD,N ROBBINS DR,0.098,S,0,0,26.714929,-80.093041,93014500,0.739,,,,R RIGHT,2 THRU LANE 2,W WEST,,05 LOCAL,04 DRIVEWAY/ALLEY ACCESS RELATED,01 ON ROADWAY,01 NOT AT INTERSECTION,03 CURB,0,"December 31, 2000",,,,0,,0,,0,,,RCI,0,,,3 NO-INCAPACITATING INJURY,33 Q/C VERIFIED AS OFF-SYSTEM,0 NO,04 DRIVEWAY ACCESS,01 DAYLIGHT,01 CLEAR,01 DRY,01 LEVEL,1 STRAIGHT,"TWO-WAY, DIVIDED, POSITIVE MED","TWO-WAY, DIVIDED, POSITIVE MED",NO CONTROLS,NO CONTROLS,,NONE,NOT CODED,NOT CODED,NONE,NOT CODED,NOT CODED,14 MOTOR VEHICLE IN TRANSPORT,02 FRONT TO FRONT,03 TURNING LEFT,FAILED TO YIELD RIGHT-OF-WAY,NO CONTRIBUTING ACTION,00 NOT CODED,00 NOT CODED,00 NOT CODED,00 NOT CODED,01 NO,2,0,0,0,2,0,2,3,N,N,N,N,Y,N,N,N,N,N,N,N,N,N,N,N,N,N,N,N,N,N,N,N,N,N,26.714930245,-80.093042743,590211.986292,2955182.779984,R,U,ARBM15Q1R2,"February 27, 2022",814630,-8915917.032224042,3087901.586237199
2014850002100,2014,850002100,20140021215,COUNTY SHERIFF'S OFFICE,04 FOURTH,PALM BEACH,"December 16, 2014",1043,WEDNESDAY,9394 WEST PALM BEACH,0694,Y,OKEECHOBEE BLVD,CHURCH ST,0.028,W,0,0,26.7062182,-80.0823826,93280000,7.314,01746,SR 704,,R RIGHT,4 THRU LANE 4,0,30 URBAN 6+LN 2WY DIVD RASD,05 LOCAL,01 NON-JUNCTION,01 ON ROADWAY,01 NOT AT INTERSECTION,03 CURB,31,"June 2, 2014",14 URBAN PRIN ART OTHER,44,PAVED,3,CURB&GUTTER,2,,0,18,47000,RCI,3.6,,45,1 NO INJURY,31 Q/C COMPLETED - LOC VERIFIED,0 NO,04 DRIVEWAY ACCESS,01 DAYLIGHT,01 CLEAR,01 DRY,00 NOT CODED,0 NOT CODED,NOT CODED,"TWO-WAY, DIVIDED, POSITIVE MED",NOT CODED,NO CONTROLS,8,NONE,NOT CODED,NOT CODED,NONE,NOT CODED,NOT CODED,14 MOTOR VEHICLE IN TRANSPORT,01 FRONT TO REAR,00 NOT CODED,NOT CODED,NO CONTRIBUTING ACTION,00 NOT CODED,00 NOT CODED,00 NOT CODED,00 NOT CODED,01 NO,0,0,0,0,1,0,2,1,N,N,N,N,N,N,N,N,N,N,N,N,N,N,N,N,N,N,N,N,N,Y,Y,N,N,N,26.70617809,-80.082446266,591273.014623,2954220.908644,R,,ARBM15Q1R2,"February 27, 2022",814631,-8914737.437432935,3086810.9132823963
2014850002110,2014,850002110,20140021216,COUNTY SHERIFF'S OFFICE,04 FOURTH,PALM BEACH,"December 16, 2014",1113,WEDNESDAY,9394 WEST PALM BEACH,0694,Y,N AUSTRALIAN AVE,13TH ST,0,E,0,0,26.725728,-80.066647,93025501,0.066,,,,I INTERSECTION,M MIDDLE,W WEST,,04 COUNTY,02 INTERSECTION,01 ON ROADWAY,02 FOUR-WAY INTERSECTION,02 UNPAVED,0,"December 31, 2000",,,,0,,0,,0,,,RCI,0,,,3 NO-INCAPACITATING INJURY,33 Q/C VERIFIED AS OFF-SYSTEM,0 NO,02 AT INTERSECTION,01 DAYLIGHT,01 CLEAR,01 DRY,01 LEVEL,1 STRAIGHT,"TWO-WAY, DIVIDED, POSITIVE MED","TWO-WAY, DIVIDED, POSITIVE MED",STOP SIGN,NO CONTROLS,,NONE,NOT CODED,NOT CODED,NONE,NOT CODED,NOT CODED,14 MOTOR VEHICLE IN TRANSPORT,03 ANGLE,01 STRAIGHT AHEAD,FAILED TO YIELD RIGHT-OF-WAY,NO CONTRIBUTING ACTION,00 NOT CODED,00 NOT CODED,00 NOT CODED,00 NOT CODED,01 NO,2,0,0,0,2,0,2,3,N,N,N,Y,N,N,N,N,N,N,N,N,N,N,N,N,N,N,N,N,N,Y,N,Y,N,N,26.72572507,-80.066647331,592828.8279,2956397.4117,L,U,ARBM15Q1R2,"February 27, 2022",814632,-8912978.707547845,3089246.927507244
2014850002140,2014,850002140,20140021233,COUNTY SHERIFF'S OFFICE,04 FOURTH,PALM BEACH,"December 16, 2014",1545,WEDNESDAY,9394 WEST PALM BEACH,0694,Y,45TH ST,,0,E,0,0,26.759536,-80.10519,93510000,0.207,,,,I INTERSECTION,M MIDDLE,E EAST,,04 COUNTY,01 NON-JUNCTION,01 ON ROADWAY,02 FOUR-WAY INTERSECTION,03 CURB,0,"December 31, 2000",,,,0,,0,,0,,,RCI,0,,,1 NO INJURY,33 Q/C VERIFIED AS OFF-SYSTEM,0 NO,01 NOT AT INTERSECTION/RRX/BRIDGE,01 DAYLIGHT,01 CLEAR,01 DRY,01 LEVEL,1 STRAIGHT,"TWO-WAY, DIVIDED, POSITIVE MED","TWO-WAY, DIVIDED, POSITIVE MED",TRAFFIC CONTROL SIGNAL,TRAFFIC CONTROL SIGNAL,,NONE,NOT CODED,NOT CODED,NONE,NOT CODED,NOT CODED,14 MOTOR VEHICLE IN TRANSPORT,03 ANGLE,01 STRAIGHT AHEAD,RAN RED LIGHT,NO CONTRIBUTING ACTION,00 NOT CODED,00 NOT CODED,00 NOT CODED,00 NOT CODED,01 NO,0,0,0,0,2,0,2,2,N,N,N,N,Y,N,N,N,N,N,N,N,N,N,N,N,N,N,N,N,Y,N,N,N,N,N,26.759535062,-80.105187318,588969.2303,2960114.8116,R,U,ARBM15Q1R2,"February 27, 2022",814633,-8917268.960667646,3093461.437020454
2014849994220,2014,849994220,20140018164,COUNTY SHERIFF'S OFFICE,04 FOURTH,PALM BEACH,"October 24, 2014",1640,SATURDAY,9394 WEST PALM BEACH,0694,Y,OKEECHOBEE BLVD,I 95,0.015,W,0,0,26.7060978,-80.0780942,93280000,7.579,01752,SR 704,,R RIGHT,4 THRU LANE 4,E EAST,30 URBAN 6+LN 2WY DIVD RASD,03 STATE,01 NON-JUNCTION,01 ON ROADWAY,01 NOT AT INTERSECTION,03 CURB,32,"June 2, 2014",14 URBAN PRIN ART OTHER,44,PAVED,4,CURB&GUTTER,2,,0,18,57000,RCI,8.6,,45,1 NO INJURY,31 Q/C COMPLETED - LOC VERIFIED,0 NO,03 INFLUENCED BY INTERSECTION,01 DAYLIGHT,02 CLOUDY,01 DRY,03 UPHILL,1 STRAIGHT,"TWO-WAY, DIVIDED, POSITIVE MED","TWO-WAY, DIVIDED, POSITIVE MED",NO CONTROLS,NO CONTROLS,8,NONE,NOT CODED,NOT CODED,NONE,NOT CODED,NOT CODED,14 MOTOR VEHICLE IN TRANSPORT,01 FRONT TO REAR,01 STRAIGHT AHEAD,OPERATED MV IN CARLESS OR NEGL,NO CONTRIBUTING ACTION,00 NOT CODED,00 NOT CODED,00 NOT CODED,00 NOT CODED,01 NO,0,0,0,0,2,0,2,2,N,N,N,Y,N,N,N,N,N,N,N,N,N,N,N,N,N,N,N,N,N,N,N,N,N,N,26.706063723,-80.078151068,591700.390151,2954211.323646,R,,ARBM15Q1R2,"February 27, 2022",814664,-8914259.297923286,3086796.661690695
2014849994250,2014,849994250,20140018141,COUNTY SHERIFF'S OFFICE,04 FOURTH,PALM BEACH,"October 24, 2014",0148,SATURDAY,9394 WEST PALM BEACH,0694,Y,HENRIETTA AVE,11TH ST,0,E,0,0,26.723578,-80.057343,93A11238,0.256,,,,I INTERSECTION,M MIDDLE,S SOUTH,,05 LOCAL,02 INTERSECTION,01 ON ROADWAY,02 FOUR-WAY INTERSECTION,03 CURB,0,"December 31, 2000",,,,0,,0,,0,,,RCI,0,,,2 POSSIBLE INJURY,33 Q/C VERIFIED AS OFF-SYSTEM,0 NO,02 AT INTERSECTION,04 DARK-LIGHTED,01 CLEAR,01 DRY,01 LEVEL,1 STRAIGHT,ONE-WAY TRAFFICWAY,"TWO-WAY, NOT DIVIDED",OTHER (SEE NARRATIVE),NO CONTROLS,,NONE,NONE,NONE,NONE,NONE,NONE,14 MOTOR VEHICLE IN TRANSPORT,03 ANGLE,01 STRAIGHT AHEAD,OTHER CONTRIBUTING ACTION,NO CONTRIBUTING ACTION,00 NOT CODED,00 NOT CODED,00 NOT CODED,00 NOT CODED,01 NO,2,0,0,0,2,0,2,3,N,N,N,Y,N,N,N,N,N,N,N,N,N,N,N,N,Y,N,N,N,N,N,N,N,N,N,26.723575071,-80.057347333,593755.5934,2956166.0804,C,U,ARBM15Q1R2,"February 27, 2022",814665,-8911943.436212046,3088978.9665308557
2014849990460,2014,849990460,20140016722,COUNTY SHERIFF'S OFFICE,04 FOURTH,PALM BEACH,"September 29, 2014",1724,TUESDAY,9394 WEST PALM BEACH,0694,Y,DIXIE HWY S,PEMBROKE PL,0,,0,0,26.7047261,-80.0537727,93020001,1.361,00695,SR 5,US 1,R RIGHT,2 THRU LANE 2,S SOUTH,11 URBAN 2-3LN 2WY DIVD PAVD,05 LOCAL,02 INTERSECTION,01 ON ROADWAY,03 T-INTERSECTION,03 CURB,37,"June 2, 2008",16 URBAN MINOR ART,21,CURB&GUTTER,2,,0,,0,11,16000,RCI,4.7,,35,2 POSSIBLE INJURY,31 Q/C COMPLETED - LOC VERIFIED,0 NO,02 AT INTERSECTION,01 DAYLIGHT,01 CLEAR,01 DRY,01 LEVEL,1 STRAIGHT,"TWO-WAY, NOT DIVIDED","TWO-WAY, NOT DIVIDED",NO CONTROLS,NO CONTROLS,3,NONE,NOT CODED,NOT CODED,NONE,NOT CODED,NOT CODED,14 MOTOR VEHICLE IN TRANSPORT,03 ANGLE,03 TURNING LEFT,NO CONTRIBUTING ACTION,NO CONTRIBUTING ACTION,00 NOT CODED,00 NOT CODED,00 NOT CODED,00 NOT CODED,01 NO,1,0,0,0,3,0,3,4,N,N,N,Y,N,N,N,N,N,N,N,N,N,N,N,N,N,N,N,N,Y,N,N,N,N,N,26.704733909,-80.053756876,594128.212317,2954081.809454,C,,ARBM15Q1R2,"February 27, 2022",814792,-8911543.748215236,3086630.9511115043
2014849990470,2014,849990470,20140016725,COUNTY SHERIFF'S OFFICE,04 FOURTH,PALM BEACH,"September 29, 2014",1819,TUESDAY,9394 WEST PALM BEACH,0694,Y,FOREST HILL BLVD,FOREST CT,0.003,W,0,0,26.6553984,-80.0671146,93016000,8.541,02425,SR 882,,L LEFT,1 THRU LANE 1,W WEST,21 URBAN 4-5LN 2WY DIVD PAVD,04 COUNTY,01 NON-JUNCTION,01 ON ROADWAY,01 NOT AT INTERSECTION,03 CURB,39,"June 25, 2012",16 URBAN MINOR ART,17,PAVED,1,RAISED CURB,0,,0,11,28500,RCI,2.1,,35,1 NO INJURY,31 Q/C COMPLETED - LOC VERIFIED,0 NO,02 AT INTERSECTION,01 DAYLIGHT,03 RAIN,02 WET,01 LEVEL,1 STRAIGHT,"TWO-WAY, DIVIDED, UNPROTECTED","TWO-WAY, DIVIDED, UNPROTECTED",NO CONTROLS,NO CONTROLS,4,NONE,NOT CODED,NOT CODED,NONE,NOT CODED,NOT CODED,14 MOTOR VEHICLE IN TRANSPORT,01 FRONT TO REAR,01 STRAIGHT AHEAD,NO CONTRIBUTING ACTION,NO CONTRIBUTING ACTION,00 NOT CODED,00 NOT CODED,00 NOT CODED,00 NOT CODED,01 NO,0,0,0,0,2,0,2,2,N,N,N,Y,N,N,N,N,N,N,N,N,N,N,N,N,N,N,N,N,Y,N,N,N,N,N,26.655384489,-80.067111165,592839.678651,2948605.927931,C,,ARBM15Q1R2,"February 27, 2022",814793,-8913030.341039684,3080482.787811312
2014849993360,2014,849993360,20140017798,COUNTY SHERIFF'S OFFICE,04 FOURTH,PALM BEACH,"October 17, 2014",1730,SATURDAY,9394 WEST PALM BEACH,0694,Y,PALM BEACH LAKES BLVD,N ROBBINS DR,0.019,E,0,0,26.716353,-80.091974,93014500,0.858,,,,L LEFT,L LEFT TURN,W WEST,,05 LOCAL,01 NON-JUNCTION,01 ON ROADWAY,01 NOT AT INTERSECTION,03 CURB,0,"December 31, 2000",,,,0,,0,,0,,,RCI,0,,,3 NO-INCAPACITATING INJURY,33 Q/C VERIFIED AS OFF-SYSTEM,0 NO,01 NOT AT INTERSECTION/RRX/BRIDGE,01 DAYLIGHT,01 CLEAR,01 DRY,01 LEVEL,1 STRAIGHT,"TWO-WAY, DIVIDED, POSITIVE MED","TWO-WAY, DIVIDED, POSITIVE MED",NO CONTROLS,NO CONTROLS,,NONE,NOT CODED,NOT CODED,NONE,NOT CODED,NOT CODED,14 MOTOR VEHICLE IN TRANSPORT,01 FRONT TO REAR,01 STRAIGHT AHEAD,NO CONTRIBUTING ACTION,NO CONTRIBUTING ACTION,00 NOT CODED,00 NOT CODED,00 NOT CODED,00 NOT CODED,01 NO,1,0,0,0,2,0,2,7,N,N,N,N,N,N,N,N,N,N,Y,N,N,N,N,N,N,N,N,N,N,N,N,N,N,N,26.716353237,-80.091974332,590317.139809,2955341.151748,L,U,ARBM15Q1R2,"February 27, 2022",814794,-8915798.097258994,3088078.9239901644
2014849993400,2014,849993400,20140017807,COUNTY SHERIFF'S OFFICE,04 FOURTH,PALM BEACH,"October 17, 2014",2216,SATURDAY,9394 WEST PALM BEACH,0694,Y,SOUTHERN BLVD,I 95,0.04,E,0,0,26.6760556,-80.0692856,93120000,19.981,04979,SR 80,US 98,R RIGHT,3 THRU LANE 3,E EAST,30 URBAN 6+LN 2WY DIVD RASD,03 STATE,02 INTERSECTION,01 ON ROADWAY,77 OTHER (SEE NARRATIVE),03 CURB,44,"June 26, 2012",14 URBAN PRIN ART OTHER,36,PAVED,4,CURB&GUTTER,2,,0,57,31500,RCI,4.7,,45,1 NO INJURY,31 Q/C COMPLETED - LOC VERIFIED,0 NO,02 AT INTERSECTION,04 DARK-LIGHTED,01 CLEAR,01 DRY,03 UPHILL,1 STRAIGHT,"TWO-WAY, DIVIDED, POSITIVE MED","TWO-WAY, DIVIDED, POSITIVE MED",NO CONTROLS,NO CONTROLS,6,NONE,NOT CODED,NOT CODED,NONE,NOT CODED,NOT CODED,14 MOTOR VEHICLE IN TRANSPORT,01 FRONT TO REAR,01 STRAIGHT AHEAD,OPERATED MV IN CARLESS OR NEGL,NO CONTRIBUTING ACTION,00 NOT CODED,00 NOT CODED,00 NOT CODED,00 NOT CODED,01 NO,0,0,0,0,2,0,2,2,N,N,N,Y,N,N,N,N,N,N,N,N,N,N,N,N,N,N,N,N,N,N,N,N,N,N,26.676052692,-80.069422983,592592.909863,2950893.516187,R,,ARBM15Q1R2,"February 27, 2022",814795,-8913287.691654744,3083057.397623889
2014849995520,2014,849995520,20140018676,COUNTY SHERIFF'S OFFICE,04 FOURTH,PALM BEACH,"November 1, 2014",2125,SUNDAY,9394 WEST PALM BEACH,0694,Y,QUADRILLE BLVD N,3RD ST,0,,0,0,26.7162627,-80.0549333,93020100,0.734,02398,SR 5,US 1,R RIGHT,2 THRU LANE 2,W WEST,11 URBAN 2-3LN 2WY DIVD PAVD,05 LOCAL,02 INTERSECTION,01 ON ROADWAY,02 FOUR-WAY INTERSECTION,03 CURB,0,"December 31, 2000",17 URBAN MAJOR COLLECTOR,15,PAVED,7,CURB&GUTTER,2,,0,13,8400,RCI,3.6,,30,1 NO INJURY,31 Q/C COMPLETED - LOC VERIFIED,0 NO,02 AT INTERSECTION,04 DARK-LIGHTED,01 CLEAR,01 DRY,01 LEVEL,1 STRAIGHT,"TWO-WAY, NOT DIVIDED","TWO-WAY, NOT DIVIDED",FLASHING SIGNAL,FLASHING SIGNAL,2,NONE,NOT CODED,NOT CODED,NONE,NOT CODED,NOT CODED,14 MOTOR VEHICLE IN TRANSPORT,03 ANGLE,01 STRAIGHT AHEAD,FAILED TO YIELD RIGHT-OF-WAY,NO CONTRIBUTING ACTION,00 NOT CODED,00 NOT CODED,00 NOT CODED,00 NOT CODED,01 NO,0,0,0,0,2,0,2,5,N,N,N,Y,N,N,N,N,N,N,N,N,N,N,N,N,N,N,N,N,N,Y,Y,N,N,N,26.716263436,-80.05493445,594001.597021,2955357.993554,C,,ARBM15Q1R2,"February 27, 2022",814898,-8911674.835190574,3088067.7328441567
2014849998190,2014,849998190,20140019718,COUNTY SHERIFF'S OFFICE,04 FOURTH,PALM BEACH,"November 19, 2014",1501,THURSDAY,9394 WEST PALM BEACH,0694,Y,BRANDYWINE RD,VILLAGE BLVD,0.009,W,0,0,26.713879,-80.099531,93A11060,0,,,,M MEDIAN,M MIDDLE,S SOUTH,,05 LOCAL,03 INTERSECTION-RELATED,04 MEDIAN,02 FOUR-WAY INTERSECTION,03 CURB,0,"December 31, 2000",,,,0,,0,,0,,,RCI,0,,,1 NO INJURY,33 Q/C VERIFIED AS OFF-SYSTEM,0 NO,03 INFLUENCED BY INTERSECTION,01 DAYLIGHT,01 CLEAR,01 DRY,01 LEVEL,1 STRAIGHT,"TWO-WAY, DIVIDED, POSITIVE MED",,NO CONTROLS,NOT CODED,,NONE,NOT CODED,NOT CODED,NONE,NOT CODED,NOT CODED,24 CURB,77 OTHER (SEE NARRATIVE),05 TURNING RIGHT,OPERATED MV IN CARLESS OR NEGL,NOT CODED,00 NOT CODED,00 NOT CODED,00 NOT CODED,00 NOT CODED,01 NO,0,0,0,0,1,0,1,2,N,N,N,Y,N,N,N,N,N,N,N,N,N,N,N,N,N,N,N,N,N,N,N,N,N,N,26.713879009,-80.099531013,589567.410657,2955061.765299,C,U,ARBM15Q1R2,"February 27, 2022",814899,-8916639.303267151,3087770.579207059
2014849998210,2014,849998210,20140019725,COUNTY SHERIFF'S OFFICE,04 FOURTH,PALM BEACH,"November 19, 2014",1627,THURSDAY,9394 WEST PALM BEACH,0694,Y,EXECUTIVE CENTER DR,N CONGRESS AVE,0.013,E,0,0,26.715673,-80.081498,93A11288,0.55,,,,R RIGHT,S SIDE OF ROAD,S SOUTH,,04 COUNTY,01 NON-JUNCTION,01 ON ROADWAY,02 FOUR-WAY INTERSECTION,03 CURB,0,"December 31, 2000",,,,0,,0,,0,,,RCI,0,,,2 POSSIBLE INJURY,33 Q/C VERIFIED AS OFF-SYSTEM,0 NO,01 NOT AT INTERSECTION/RRX/BRIDGE,01 DAYLIGHT,01 CLEAR,01 DRY,01 LEVEL,1 STRAIGHT,"TWO-WAY, DIVIDED, UNPROTECTED",,NO CONTROLS,NOT CODED,,NONE,NOT CODED,NOT CODED,NONE,NOT CODED,NOT CODED,14 MOTOR VEHICLE IN TRANSPORT,01 FRONT TO REAR,03 TURNING LEFT,DROVE TOO FAST FOR CONDITIONS,NOT CODED,00 NOT CODED,00 NOT CODED,00 NOT CODED,00 NOT CODED,01 NO,1,0,0,0,1,0,1,1,N,N,N,N,Y,Y,N,N,N,N,N,Y,N,N,N,N,N,N,N,N,N,N,N,N,N,N,26.715668145,-80.08149977,591359.596519,2955272.735639,R,U,ARBM15Q1R2,"February 27, 2022",814900,-8914632.074032383,3087993.545397437
2014850004200,2014,850004200,20140021997,COUNTY SHERIFF'S OFFICE,04 FOURTH,PALM BEACH,"December 30, 2014",2146,WEDNESDAY,9394 WEST PALM BEACH,0694,Y,SOUTHERN BLVD,I 95,0.063,E,0,0,26.6760458,-80.0689146,93120000,20.004,04979,SR 80,US 98,I INTERSECTION,M MIDDLE,0,30 URBAN 6+LN 2WY DIVD RASD,03 STATE,02 INTERSECTION,01 ON ROADWAY,02 FOUR-WAY INTERSECTION,02 UNPAVED,44,"June 26, 2012",14 URBAN PRIN ART OTHER,36,PAVED,4,CURB&GUTTER,2,,0,57,31500,RCI,4.7,,45,1 NO INJURY,31 Q/C COMPLETED - LOC VERIFIED,0 NO,02 AT INTERSECTION,04 DARK-LIGHTED,03 RAIN,02 WET,00 NOT CODED,0 NOT CODED,NOT CODED,"TWO-WAY, DIVIDED, POSITIVE MED",NOT CODED,TRAFFIC CONTROL SIGNAL,6,NONE,NOT CODED,NOT CODED,NONE,NOT CODED,NOT CODED,14 MOTOR VEHICLE IN TRANSPORT,"04 SIDESWIPE, SAME DIRECTION",00 NOT CODED,NOT CODED,NO CONTRIBUTING ACTION,00 NOT CODED,00 NOT CODED,00 NOT CODED,00 NOT CODED,01 NO,0,0,0,0,1,0,2,3,N,N,N,Y,N,N,N,N,N,N,N,N,N,N,N,N,N,N,N,N,N,N,N,N,N,N,26.676045549,-80.069051555,592629.874934,2950892.994616,R,,ARBM15Q1R2,"February 27, 2022",814923,-8913246.344478862,3083056.5077612223
2014849993410,2014,849993410,20140017809,COUNTY SHERIFF'S OFFICE,04 FOURTH,PALM BEACH,"October 17, 2014",2218,SATURDAY,9394 WEST PALM BEACH,0694,Y,OKEECHOBEE BLVD,FRANK ST,0.5,W,0,0,26.706396,-80.0893427,93280000,6.884,01742,SR 704,,R RIGHT,3 THRU LANE 3,E EAST,30 URBAN 6+LN 2WY DIVD RASD,05 LOCAL,18 THROUGH ROADWAY,01 ON ROADWAY,01 NOT AT INTERSECTION,01 PAVED,31,"June 2, 2014",14 URBAN PRIN ART OTHER,44,PAVED,3,CURB&GUTTER,2,,0,17,47000,RCI,3.6,,45,1 NO INJURY,31 Q/C COMPLETED - LOC VERIFIED,0 NO,01 NOT AT INTERSECTION/RRX/BRIDGE,04 DARK-LIGHTED,01 CLEAR,01 DRY,01 LEVEL,1 STRAIGHT,"TWO-WAY, DIVIDED, POSITIVE MED","TWO-WAY, DIVIDED, POSITIVE MED",NO CONTROLS,NO CONTROLS,8,NONE,OTHER (SEE NARRATIVE),NOT CODED,NONE,NOT CODED,NOT CODED,09 OTHER NON-COLLISION,01 FRONT TO REAR,01 STRAIGHT AHEAD,OPERATED MV IN CARLESS OR NEGL,NO CONTRIBUTING ACTION,00 NOT CODED,00 NOT CODED,00 NOT CODED,00 NOT CODED,01 NO,0,0,0,0,2,0,2,2,N,N,N,N,N,Y,Y,N,N,N,N,Y,N,N,N,N,N,N,N,N,N,N,N,N,N,N,26.706344207,-80.089417658,590579.373647,2954234.33554,R,,ARBM15Q1R2,"February 27, 2022",814928,-8915513.48952725,3086831.613590095
2014849995780,2014,849995780,20140018803,COUNTY SHERIFF'S OFFICE,04 FOURTH,PALM BEACH,"November 4, 2014",0759,WEDNESDAY,9394 WEST PALM BEACH,0694,Y,VILLAGE BLVD,COMMUNITY DR,0.038,S,0,0,26.720546,-80.102072,93577000,1.144,,,,R RIGHT,2 THRU LANE 2,0,,05 LOCAL,01 NON-JUNCTION,01 ON ROADWAY,01 NOT AT INTERSECTION,03 CURB,0,"December 31, 2000",,,,0,,0,,0,,,RCI,0,,,1 NO INJURY,33 Q/C VERIFIED AS OFF-SYSTEM,0 NO,01 NOT AT INTERSECTION/RRX/BRIDGE,01 DAYLIGHT,01 CLEAR,01 DRY,00 NOT CODED,0 NOT CODED,NOT CODED,"TWO-WAY, DIVIDED, POSITIVE MED",NOT CODED,NO CONTROLS,,NONE,NOT CODED,NOT CODED,NONE,NOT CODED,NOT CODED,14 MOTOR VEHICLE IN TRANSPORT,03 ANGLE,00 NOT CODED,NOT CODED,NO CONTRIBUTING ACTION,00 NOT CODED,00 NOT CODED,00 NOT CODED,00 NOT CODED,01 NO,0,0,0,0,1,0,2,1,N,N,N,N,N,N,N,N,N,N,N,N,N,N,N,N,N,N,N,N,N,N,N,N,N,N,26.720545993,-80.102071705,589309.478424,2955798.436808,R,U,ARBM15Q1R2,"February 27, 2022",815006,-8916922.132003397,3088601.4516144963
2014849995810,2014,849995810,20140018830,COUNTY SHERIFF'S OFFICE,04 FOURTH,PALM BEACH,"November 4, 2014",1621,WEDNESDAY,9394 WEST PALM BEACH,0694,Y,24TH ST,SPRUCE AVE,0,,0,0,26.7356571,-80.0555125,93020002,0.126,04007,SR 5,US 1,L LEFT,1 THRU LANE 1,0,12 URBAN 2-3LN 2WY UNDIVD,05 LOCAL,01 NON-JUNCTION,01 ON ROADWAY,02 FOUR-WAY INTERSECTION,03 CURB,53,"June 23, 2013",17 URBAN MAJOR COLLECTOR,22,PAVED,7,CURB&GUTTER,2,,0,,13400,RCI,5.7,,30,1 NO INJURY,31 Q/C COMPLETED - LOC VERIFIED,0 NO,02 AT INTERSECTION,01 DAYLIGHT,01 CLEAR,01 DRY,00 NOT CODED,0 NOT CODED,NOT CODED,"TWO-WAY, DIVIDED, UNPROTECTED",NOT CODED,NO CONTROLS,2,NONE,NOT CODED,NOT CODED,NONE,NOT CODED,NOT CODED,01 OVERTURN/ROLLOVER,03 ANGLE,00 NOT CODED,NOT CODED,NO CONTRIBUTING ACTION,00 NOT CODED,00 NOT CODED,00 NOT CODED,00 NOT CODED,01 NO,0,0,0,0,1,0,2,1,N,N,N,Y,N,N,N,N,N,N,N,N,N,N,N,N,N,N,N,N,N,N,N,N,N,N,26.735668512,-80.055509398,593928.470413,2957506.952078,C,,ARBM15Q1R2,"February 27, 2022",815007,-8911738.838267064,3090486.27521022
2014849994850,2014,849994850,20140018435,COUNTY SHERIFF'S OFFICE,04 FOURTH,PALM BEACH,"October 29, 2014",0756,THURSDAY,9394 WEST PALM BEACH,0694,Y,BROADWAY,35TH ST,0,,0,0,26.7451372,-80.0565559,93020000,10.882,00759,SR 5,US 1,L LEFT,2 THRU LANE 2,E EAST,20 URBAN 4-5LN 2WY DIVD RASD,02 U.S.,01 NON-JUNCTION,01 ON ROADWAY,02 FOUR-WAY INTERSECTION,01 PAVED,41,"June 23, 2013",16 URBAN MINOR ART,22,CURB&GUTTER,2,,0,,0,16,13400,RCI,5.7,,35,2 POSSIBLE INJURY,31 Q/C COMPLETED - LOC VERIFIED,0 NO,02 AT INTERSECTION,01 DAYLIGHT,01 CLEAR,01 DRY,01 LEVEL,1 STRAIGHT,"TWO-WAY, NOT DIVIDED","TWO-WAY, NOT DIVIDED",STOP SIGN,NO CONTROLS,4,NONE,NOT CODED,NOT CODED,NONE,NOT CODED,NOT CODED,14 MOTOR VEHICLE IN TRANSPORT,03 ANGLE,01 STRAIGHT AHEAD,RAN STOP SIGN,NO CONTRIBUTING ACTION,00 NOT CODED,00 NOT CODED,00 NOT CODED,00 NOT CODED,01 NO,1,0,0,0,2,0,2,3,N,N,N,Y,N,N,N,N,N,N,N,N,N,N,N,N,N,N,N,N,N,N,N,N,N,N,26.74509852,-80.056564497,593815.79713,2958550.680878,C,,ARBM15Q1R2,"February 27, 2022",815019,-8911856.291343492,3091661.72869247