Crash Id,Calendar Year,FDOT Crash Number,Reporting Agency Case Number,Reporting Agency Type,FDOT Managing District,County Name,Crash Date,Crash Time,Day,DHSMV City,Crash Report City Code,In Town,On Roadway Name,Int Roadway Name,Reference Distance (Miles),Reference Direction,Officer Latitude,Officer Longitude,FDOT Latitude,FDOT Longitude,FDOT Roadway,Nearest Inventory MP,Nearest Node From Crash,State Road #,US Highway,Crash Side of Road,Accident Lane Number,Travel Direction Vehicle 1,FDOT Road Category,DHSMV Road System Id,Relation to Junction,Crash Harmful Event Location,Intersection Type,Shoulder Type,FDOT Roadway SKID Test Result,FDOT Roadway SKID Test Date,Functional Class,RCI Surface Width,RCI Shoulder Type First,RCI Shoulder Width First,RCI Shoulder Type Second,RCI Shoulder Width Second,RCI Shoulder Type Third,RCI Shoulder Width Third,RCI Median Width,Avg Daily Traffic,AADT Source,RCI Avg Per Truck Traffic,RCI Horiz Curve Condition,Posted Speed Limit,Highest Injury in Crash,CAR Status Code,Alcohols/Drug Involved,Site Location,Lighting,Weather,Road Surface,Roadway Grade,Roadway Alignment,Traffic Way Vehicle 1,Traffic Way Vehicle 2,Traffic Control Vehicle 1,Traffic Control Vehicle 2,Count of Lanes,Road Condition 1,Road Condition 2,Road Condition 3,Environment Condition 1,Environment Condition 2,Environment Condition 3,Crash Harmful Event,Manner of Collision,Vehicle Movement,Driver Action Vehicle 1,Driver Action Vehicle 2,Location Within Workzone,Type of Workzone,Workers Present in Workzone,Law Enforcement Present in Workzone,School Bus Related,Count of Nonfatal Injuries,Count of Traffic Fatalities,Count of Serious Injuries,Count of Pedestrians,Count of Drivers,Count of Bicyclists,Count of Vehicles,Count of Persons,Wrong Way,Workzone Inv,Commercial Vehicle Inv,Intersection Inv,Lane Departure,Speeding,Agressive Driving,Impaired Driver,Impaired Pedestrian,Impaired Bicyclist,Distracted Driver,Speeding or Aggressive Driving,Pedestrian Related,Bicyclist Related,Pedestrian or Bicyclist Related,Motorcycle Inv,No Belt,No Belt - Ages 1-4,No Belt - Ages 5-12,No Belt - Ages 13-17,Driver - Ages Teen,Driver - Ages 65 plus,Driver - Ages 65-69,Driver - Ages 70-74,Driver - Ages 75-79,Driver - Ages 80 plus,ARBM Latitude,ARBM Longitude,UTM Zone 17N X,UTM Zone 17N Y,ARBM Side of Road,Urban Rural Indicator,GIS Street Source,Extract Date,OBJECTID,x,y
2014849994110,2014,849994110,20140018111,COUNTY SHERIFF'S OFFICE,04 FOURTH,PALM BEACH,"October 23, 2014",1516,FRIDAY,9394 WEST PALM BEACH,0694,Y,OKEECHOBEE BLVD,OLIVE AVE S,0,,0,0,26.70542,-80.0517755,93280000,9.211,00646,SR 704,,R RIGHT,2 THRU LANE 2,N NORTH,40 URBAN ONE WAY,05 LOCAL,02 INTERSECTION,01 ON ROADWAY,77 OTHER (SEE NARRATIVE),01 PAVED,40,"June 2, 2014",14 URBAN PRIN ART OTHER,22,PAVED,2,CURB&GUTTER,2,,0,,15500,RCI,2.3,,35,2 POSSIBLE INJURY,31 Q/C COMPLETED - LOC VERIFIED,0 NO,02 AT INTERSECTION,01 DAYLIGHT,01 CLEAR,01 DRY,01 LEVEL,1 STRAIGHT,"TWO-WAY, NOT DIVIDED","TWO-WAY, NOT DIVIDED",TRAFFIC CONTROL SIGNAL,TRAFFIC CONTROL SIGNAL,2,NONE,NOT CODED,NOT CODED,NONE,NOT CODED,NOT CODED,14 MOTOR VEHICLE IN TRANSPORT,03 ANGLE,01 STRAIGHT AHEAD,RAN RED LIGHT,NO CONTRIBUTING ACTION,00 NOT CODED,00 NOT CODED,00 NOT CODED,00 NOT CODED,01 NO,1,0,0,0,2,0,2,3,N,N,N,Y,N,N,N,N,N,N,N,N,N,N,N,N,N,N,N,N,N,N,N,N,N,N,26.705415076,-80.051794199,594322.90053,2954158.70872,O,,ARBM15Q1R2,"February 27, 2022",815270,-8911325.263960848,3086715.8323539975
2014849996710,2014,849996710,20140019212,COUNTY SHERIFF'S OFFICE,04 FOURTH,PALM BEACH,"November 11, 2014",0937,WEDNESDAY,9394 WEST PALM BEACH,0694,Y,N AUSTRALIAN AVE,36TH ST,0.009,S,0,0,26.745704,-80.069758,93025501,1.484,,,,R RIGHT,S SIDE OF ROAD,N NORTH,,05 LOCAL,01 NON-JUNCTION,02 OFF ROADWAY,01 NOT AT INTERSECTION,03 CURB,0,"December 31, 2000",,,,0,,0,,0,,,RCI,0,,,0 UNKNOWN/NOT CODED,33 Q/C VERIFIED AS OFF-SYSTEM,0 NO,01 NOT AT INTERSECTION/RRX/BRIDGE,01 DAYLIGHT,01 CLEAR,01 DRY,00 NOT CODED,0 NOT CODED,NOT CODED,,NOT CODED,NOT CODED,,NONE,NOT CODED,NOT CODED,NONE,NOT CODED,NOT CODED,"39 OTHER FIXED OBJECT (WALL, BUIL",77 OTHER (SEE NARRATIVE),00 NOT CODED,NOT CODED,NOT CODED,00 NOT CODED,00 NOT CODED,00 NOT CODED,00 NOT CODED,01 NO,0,0,0,0,0,0,1,0,N,N,N,N,Y,N,N,N,N,N,N,N,N,N,N,N,N,N,N,N,N,N,N,N,N,N,26.745704,-80.069757329,592503.334259,2958608.091457,R,U,ARBM15Q1R2,"February 27, 2022",815271,-8913324.91109387,3091737.205227053
2014849996750,2014,849996750,20140019222,COUNTY SHERIFF'S OFFICE,04 FOURTH,PALM BEACH,"November 11, 2014",1257,WEDNESDAY,9394 WEST PALM BEACH,0694,Y,OKEECHOBEE BLVD,CHILLINGWORTH DR,0.038,E,0,0,26.7061893,-80.0813144,93280000,7.38,01745,SR 704,,R RIGHT,2 THRU LANE 2,0,30 URBAN 6+LN 2WY DIVD RASD,03 STATE,01 NON-JUNCTION,01 ON ROADWAY,01 NOT AT INTERSECTION,03 CURB,31,"June 2, 2014",14 URBAN PRIN ART OTHER,44,PAVED,3,CURB&GUTTER,2,,0,18,47000,RCI,3.6,,45,1 NO INJURY,31 Q/C COMPLETED - LOC VERIFIED,0 NO,03 INFLUENCED BY INTERSECTION,01 DAYLIGHT,01 CLEAR,01 DRY,00 NOT CODED,0 NOT CODED,NOT CODED,"TWO-WAY, DIVIDED, POSITIVE MED",NOT CODED,NO CONTROLS,8,NONE,NOT CODED,NOT CODED,NONE,NOT CODED,NOT CODED,14 MOTOR VEHICLE IN TRANSPORT,03 ANGLE,00 NOT CODED,NOT CODED,NO CONTRIBUTING ACTION,00 NOT CODED,00 NOT CODED,00 NOT CODED,00 NOT CODED,01 NO,0,0,0,0,1,0,2,1,N,N,N,Y,N,N,N,N,N,N,N,N,N,N,N,N,N,N,N,N,N,N,N,N,N,N,26.706152524,-80.081377396,591379.365604,2954218.842639,R,,ARBM15Q1R2,"February 27, 2022",815272,-8914618.451296316,3086807.727419762
2014849989530,2014,849989530,20140016340,COUNTY SHERIFF'S OFFICE,04 FOURTH,PALM BEACH,"September 23, 2014",1115,WEDNESDAY,9394 WEST PALM BEACH,0694,Y,OKEECHOBEE BLVD,SAPODILLA AVE S,0,,0,0,26.7058205,-80.0585638,93280000,8.79,04507,SR 704,,L LEFT,3 THRU LANE 3,W WEST,30 URBAN 6+LN 2WY DIVD RASD,03 STATE,02 INTERSECTION,01 ON ROADWAY,02 FOUR-WAY INTERSECTION,03 CURB,36,"June 2, 2014",14 URBAN PRIN ART OTHER,47,CURB&GUTTER,2,,0,,0,90,43500,RCI,3.6,,40,2 POSSIBLE INJURY,31 Q/C COMPLETED - LOC VERIFIED,0 NO,02 AT INTERSECTION,01 DAYLIGHT,01 CLEAR,01 DRY,01 LEVEL,1 STRAIGHT,"TWO-WAY, DIVIDED, POSITIVE MED","TWO-WAY, DIVIDED, POSITIVE MED",TRAFFIC CONTROL SIGNAL,TRAFFIC CONTROL SIGNAL,8,NONE,NOT CODED,NOT CODED,NONE,NOT CODED,NOT CODED,14 MOTOR VEHICLE IN TRANSPORT,03 ANGLE,01 STRAIGHT AHEAD,RAN RED LIGHT,NO CONTRIBUTING ACTION,00 NOT CODED,00 NOT CODED,00 NOT CODED,00 NOT CODED,01 NO,1,0,0,0,2,0,2,2,N,N,N,Y,N,N,N,N,N,N,N,N,N,N,N,N,N,N,N,N,N,N,N,N,N,N,26.706153306,-80.058244488,593680.618304,2954235.721123,L,,ARBM15Q1R2,"February 27, 2022",815304,-8912043.30700496,3086807.824942033
2014849995390,2014,849995390,20140018641,COUNTY SHERIFF'S OFFICE,04 FOURTH,PALM BEACH,"November 1, 2014",0235,SUNDAY,9394 WEST PALM BEACH,0694,Y,MILITARY TRL N,SHILOH DR,0.189,S,0,0,26.7518561,-80.1090597,93150000,5.111,03060,SR 809,,R RIGHT,2 THRU LANE 2,N NORTH,30 URBAN 6+LN 2WY DIVD RASD,04 COUNTY,01 NON-JUNCTION,01 ON ROADWAY,01 NOT AT INTERSECTION,03 CURB,39,"June 1, 2014",14 URBAN PRIN ART OTHER,36,PAVED,4,CURB&GUTTER,2,,0,20,34000,RCI,2.2,,45,4 INCAPACITATING INJURY,31 Q/C COMPLETED - LOC VERIFIED,0 NO,01 NOT AT INTERSECTION/RRX/BRIDGE,04 DARK-LIGHTED,01 CLEAR,01 DRY,01 LEVEL,1 STRAIGHT,"TWO-WAY, DIVIDED, POSITIVE MED","TWO-WAY, DIVIDED, POSITIVE MED",NO CONTROLS,NO CONTROLS,6,NONE,NOT CODED,NOT CODED,NONE,NOT CODED,NOT CODED,14 MOTOR VEHICLE IN TRANSPORT,01 FRONT TO REAR,01 STRAIGHT AHEAD,OPERATED MV IN CARLESS OR NEGL,NO CONTRIBUTING ACTION,00 NOT CODED,00 NOT CODED,00 NOT CODED,00 NOT CODED,01 NO,3,0,1,0,2,0,2,3,N,N,N,N,N,Y,N,N,N,N,N,Y,N,N,N,N,Y,N,N,N,N,N,N,N,N,N,26.751904037,-80.109030899,588592.970753,2959266.891596,R,,ARBM15Q1R2,"February 27, 2022",815314,-8917696.826200318,3092510.098995215
2014849995400,2014,849995400,20140018642,COUNTY SHERIFF'S OFFICE,04 FOURTH,PALM BEACH,"November 1, 2014",0521,SUNDAY,9394 WEST PALM BEACH,0694,Y,GREENWOOD DR,S FLAGLER DR,0.004,W,0,0,26.681947,-80.048298,93A12466,0.445,,,,L LEFT,S SIDE OF ROAD,0,,05 LOCAL,01 NON-JUNCTION,03 SHOULDER,01 NOT AT INTERSECTION,03 CURB,0,"December 31, 2000",,,,0,,0,,0,,,RCI,0,,,1 NO INJURY,33 Q/C VERIFIED AS OFF-SYSTEM,0 NO,01 NOT AT INTERSECTION/RRX/BRIDGE,05 DARK-NOT LIGHTED,01 CLEAR,01 DRY,01 LEVEL,3 CURVE LEFT,"TWO-WAY, NOT DIVIDED",,NO CONTROLS,NOT CODED,,NONE,NOT CODED,NOT CODED,NONE,NOT CODED,NOT CODED,14 MOTOR VEHICLE IN TRANSPORT,77 OTHER (SEE NARRATIVE),03 TURNING LEFT,NOT CODED,NOT CODED,00 NOT CODED,00 NOT CODED,00 NOT CODED,00 NOT CODED,01 NO,0,0,0,0,0,0,1,1,N,N,N,N,Y,N,N,N,N,N,N,N,N,N,N,N,N,N,N,N,N,N,N,N,N,N,26.681947217,-80.048299889,594689.91423,2951561.915043,C,U,ARBM15Q1R2,"February 27, 2022",815315,-8910936.27897949,3083791.756161111
2014849995420,2014,849995420,20140018647,COUNTY SHERIFF'S OFFICE,04 FOURTH,PALM BEACH,"November 1, 2014",0927,SUNDAY,9394 WEST PALM BEACH,0694,Y,DIXIE HWY S,FOREST HILL BLVD,0,,0,0,26.6551526,-80.0559967,93050000,4.416,00098,SR 805,US 1,L LEFT,2 THRU LANE 2,N NORTH,21 URBAN 4-5LN 2WY DIVD PAVD,05 LOCAL,02 INTERSECTION,01 ON ROADWAY,02 FOUR-WAY INTERSECTION,01 PAVED,34,"June 3, 2014",16 URBAN MINOR ART,24,CURB&GUTTER,2,,0,,0,12,22500,RCI,2.8,,35,1 NO INJURY,31 Q/C COMPLETED - LOC VERIFIED,0 NO,02 AT INTERSECTION,01 DAYLIGHT,01 CLEAR,01 DRY,01 LEVEL,1 STRAIGHT,"TWO-WAY, NOT DIVIDED","TWO-WAY, NOT DIVIDED",NO CONTROLS,NO CONTROLS,4,NONE,NOT CODED,NOT CODED,NONE,NOT CODED,NOT CODED,14 MOTOR VEHICLE IN TRANSPORT,03 ANGLE,03 TURNING LEFT,FAILED TO YIELD RIGHT-OF-WAY,NO CONTRIBUTING ACTION,00 NOT CODED,00 NOT CODED,00 NOT CODED,00 NOT CODED,01 NO,0,0,0,0,2,0,2,4,N,N,N,Y,N,N,N,N,N,N,N,N,N,N,N,N,N,N,N,N,N,N,N,N,N,N,26.655115975,-80.056003608,593945.365551,2948584.310228,C,,ARBM15Q1R2,"February 27, 2022",815316,-8911793.85305749,3080449.342500753
2014849995470,2014,849995470,20140018660,COUNTY SHERIFF'S OFFICE,04 FOURTH,PALM BEACH,"November 1, 2014",1427,SUNDAY,9394 WEST PALM BEACH,0694,Y,OKEECHOBEE BLVD,MANOR AVE,0.002,W,0,0,26.7062584,-80.0841308,93280000,7.206,00886,SR 704,,R RIGHT,4 THRU LANE 4,0,30 URBAN 6+LN 2WY DIVD RASD,03 STATE,01 NON-JUNCTION,01 ON ROADWAY,01 NOT AT INTERSECTION,03 CURB,31,"June 2, 2014",14 URBAN PRIN ART OTHER,44,PAVED,3,CURB&GUTTER,2,,0,29,47000,RCI,3.6,,45,1 NO INJURY,31 Q/C COMPLETED - LOC VERIFIED,0 NO,02 AT INTERSECTION,01 DAYLIGHT,01 CLEAR,01 DRY,00 NOT CODED,0 NOT CODED,NOT CODED,"TWO-WAY, DIVIDED, POSITIVE MED",NOT CODED,NO CONTROLS,8,NONE,NOT CODED,NOT CODED,NONE,NOT CODED,NOT CODED,15 PARKED MOTOR VEHICLE,01 FRONT TO REAR,00 NOT CODED,NOT CODED,NO CONTRIBUTING ACTION,00 NOT CODED,00 NOT CODED,00 NOT CODED,00 NOT CODED,01 NO,0,0,0,0,1,0,2,2,N,N,N,Y,N,N,N,N,N,N,N,N,N,N,N,N,N,N,N,N,N,N,N,N,N,N,26.706211296,-80.084197841,591098.742552,2954223.333622,R,,ARBM15Q1R2,"February 27, 2022",815317,-8914932.421888826,3086815.0511419093
2014849994600,2014,849994600,20140018299,COUNTY SHERIFF'S OFFICE,04 FOURTH,PALM BEACH,"October 26, 2014",2228,MONDAY,9394 WEST PALM BEACH,0694,Y,BROADWAY,36TH ST,0,,0,0,26.7460528,-80.056528,93020000,10.945,00760,SR 5,US 1,L LEFT,2 THRU LANE 2,0,21 URBAN 4-5LN 2WY DIVD PAVD,02 U.S.,01 NON-JUNCTION,01 ON ROADWAY,02 FOUR-WAY INTERSECTION,01 PAVED,41,"June 23, 2013",16 URBAN MINOR ART,22,CURB&GUTTER,2,,0,,0,16,13400,RCI,5.7,,35,0 UNKNOWN/NOT CODED,31 Q/C COMPLETED - LOC VERIFIED,0 NO,02 AT INTERSECTION,01 DAYLIGHT,01 CLEAR,01 DRY,01 LEVEL,1 STRAIGHT,NOT CODED,"TWO-WAY, NOT DIVIDED",NO CONTROLS,NO CONTROLS,4,NONE,NONE,NONE,NONE,NONE,NOT CODED,14 MOTOR VEHICLE IN TRANSPORT,"05 SIDESWIPE, OPPOSITE DIRECTION",01 STRAIGHT AHEAD,NOT CODED,NOT CODED,00 NOT CODED,00 NOT CODED,00 NOT CODED,00 NOT CODED,01 NO,0,0,0,0,0,0,2,0,N,N,N,Y,N,N,N,N,N,N,N,N,N,N,N,N,N,N,N,N,N,N,N,N,N,N,26.746015351,-80.05653419,593818.058366,2958652.255231,C,,ARBM15Q1R2,"February 27, 2022",815332,-8911852.917580668,3091776.0170593
2014849994610,2014,849994610,20140018302,COUNTY SHERIFF'S OFFICE,04 FOURTH,PALM BEACH,"October 26, 2014",2341,MONDAY,9394 WEST PALM BEACH,0694,Y,SELKIRK ST,PARKER AVE,0.083,W,0,0,26.667577,-80.064843,93A12898,0.123,,,,L LEFT,P PARKING,W WEST,,05 LOCAL,01 NON-JUNCTION,01 ON ROADWAY,01 NOT AT INTERSECTION,02 UNPAVED,0,"December 31, 2000",,,,0,,0,,0,,,RCI,0,,,1 NO INJURY,33 Q/C VERIFIED AS OFF-SYSTEM,0 NO,01 NOT AT INTERSECTION/RRX/BRIDGE,04 DARK-LIGHTED,01 CLEAR,01 DRY,01 LEVEL,1 STRAIGHT,"TWO-WAY, NOT DIVIDED","TWO-WAY, NOT DIVIDED",NO CONTROLS,NO CONTROLS,,NONE,NOT CODED,NOT CODED,ANIMAL(S) IN ROADWAY,NOT CODED,NOT CODED,14 MOTOR VEHICLE IN TRANSPORT,03 ANGLE,01 STRAIGHT AHEAD,NO CONTRIBUTING ACTION,NOT CODED,00 NOT CODED,00 NOT CODED,00 NOT CODED,00 NOT CODED,01 NO,0,0,0,0,1,0,2,1,N,N,N,N,Y,N,N,N,N,N,Y,N,N,N,N,N,N,N,N,N,Y,N,N,N,N,N,26.667575532,-80.064843082,593055.516584,2949957.892616,C,U,ARBM15Q1R2,"February 27, 2022",815333,-8912777.859182676,3082001.3529837155
2014849994630,2014,849994630,20140018318,COUNTY SHERIFF'S OFFICE,04 FOURTH,PALM BEACH,"October 27, 2014",1109,TUESDAY,9394 WEST PALM BEACH,0694,Y,PALM BEACH LAKES BLVD,PALM BEACH LAKES BLVD,0.057,E,0,0,26.71124,-80.096502,93014500,0.405,,,,L LEFT,1 THRU LANE 1,S SOUTH,,03 STATE,01 NON-JUNCTION,01 ON ROADWAY,01 NOT AT INTERSECTION,03 CURB,0,"December 31, 2000",,,,0,,0,,0,,,RCI,0,,,1 NO INJURY,33 Q/C VERIFIED AS OFF-SYSTEM,0 NO,01 NOT AT INTERSECTION/RRX/BRIDGE,01 DAYLIGHT,01 CLEAR,01 DRY,01 LEVEL,1 STRAIGHT,"TWO-WAY, DIVIDED, POSITIVE MED","TWO-WAY, DIVIDED, POSITIVE MED",NO CONTROLS,NO CONTROLS,,NONE,NOT CODED,NOT CODED,NONE,NOT CODED,NOT CODED,14 MOTOR VEHICLE IN TRANSPORT,03 ANGLE,03 TURNING LEFT,FAILED TO YIELD RIGHT-OF-WAY,NO CONTRIBUTING ACTION,00 NOT CODED,00 NOT CODED,00 NOT CODED,00 NOT CODED,01 NO,0,0,0,0,2,0,2,2,N,N,N,N,N,N,N,N,N,N,N,N,N,N,N,N,N,N,N,N,N,Y,N,Y,N,N,26.71124047,-80.096502655,589870.720578,2954771.644961,L,U,ARBM15Q1R2,"February 27, 2022",815334,-8916302.18797066,3087441.7650115537
2014849994660,2014,849994660,20140018330,COUNTY SHERIFF'S OFFICE,04 FOURTH,PALM BEACH,"October 27, 2014",1509,TUESDAY,9394 WEST PALM BEACH,0694,Y,OKEECHOBEE BLVD,AUSTRALIAN AVE,0.028,W,0,0,26.7056637,-80.0662017,93280000,8.314,01764,SR 704,,L LEFT,4 THRU LANE 4,W WEST,30 URBAN 6+LN 2WY DIVD RASD,04 COUNTY,01 NON-JUNCTION,01 ON ROADWAY,01 NOT AT INTERSECTION,03 CURB,36,"June 2, 2014",14 URBAN PRIN ART OTHER,34,PAVED,4,CURB&GUTTER,2,,0,22,68000,RCI,1.4,,45,1 NO INJURY,31 Q/C COMPLETED - LOC VERIFIED,0 NO,01 NOT AT INTERSECTION/RRX/BRIDGE,01 DAYLIGHT,01 CLEAR,01 DRY,01 LEVEL,1 STRAIGHT,"TWO-WAY, DIVIDED, POSITIVE MED","TWO-WAY, DIVIDED, POSITIVE MED",NO CONTROLS,NO CONTROLS,7,NONE,NOT CODED,NOT CODED,NONE,NOT CODED,NOT CODED,14 MOTOR VEHICLE IN TRANSPORT,03 ANGLE,01 STRAIGHT AHEAD,SWERVED OR AVOIDED:  DUE TO WI,NO CONTRIBUTING ACTION,00 NOT CODED,00 NOT CODED,00 NOT CODED,00 NOT CODED,01 NO,0,0,0,0,2,0,2,2,N,N,N,N,Y,N,N,N,N,N,N,N,N,N,N,N,N,N,N,N,N,Y,N,N,Y,N,26.705778146,-80.06592785,592916.583665,2954188.543536,L,,ARBM15Q1R2,"February 27, 2022",815335,-8912898.615196127,3086761.0752383717
2014849997360,2014,849997360,20140019410,COUNTY SHERIFF'S OFFICE,04 FOURTH,PALM BEACH,"November 14, 2014",1204,SATURDAY,9394 WEST PALM BEACH,0694,Y,OKEECHOBEE BLVD,SPENCER DR,0.009,W,0,0,26.7064917,-80.0933891,93280000,6.634,03173,SR 704,,R RIGHT,L LEFT TURN,E EAST,30 URBAN 6+LN 2WY DIVD RASD,03 STATE,01 NON-JUNCTION,01 ON ROADWAY,01 NOT AT INTERSECTION,03 CURB,31,"June 2, 2014",14 URBAN PRIN ART OTHER,44,PAVED,3,CURB&GUTTER,2,,0,17,47000,RCI,3.6,,45,1 NO INJURY,31 Q/C COMPLETED - LOC VERIFIED,0 NO,02 AT INTERSECTION,01 DAYLIGHT,02 CLOUDY,01 DRY,01 LEVEL,1 STRAIGHT,"TWO-WAY, DIVIDED, POSITIVE MED","TWO-WAY, DIVIDED, POSITIVE MED",NO CONTROLS,NO CONTROLS,8,NONE,NOT CODED,NOT CODED,NONE,NOT CODED,NOT CODED,14 MOTOR VEHICLE IN TRANSPORT,"04 SIDESWIPE, SAME DIRECTION",77 OTHER (SEE NARRATIVE),NOT CODED,NO CONTRIBUTING ACTION,00 NOT CODED,00 NOT CODED,00 NOT CODED,00 NOT CODED,01 NO,0,0,0,0,1,0,2,3,N,N,N,Y,N,N,N,N,N,N,N,N,N,N,N,N,N,N,N,N,N,N,N,N,N,N,26.706451016,-80.093470731,590176.093414,2954243.292414,R,,ARBM15Q1R2,"February 27, 2022",815336,-8915964.67565244,3086844.92345115
2014849997400,2014,849997400,20140019429,COUNTY SHERIFF'S OFFICE,04 FOURTH,PALM BEACH,"November 14, 2014",1806,SATURDAY,9394 WEST PALM BEACH,0694,Y,GEORGIA AVE,SELKIRK ST,0,N,0,0,26.667291,-80.058761,93000044,0.832,,,,R RIGHT,1 THRU LANE 1,0,,05 LOCAL,02 INTERSECTION,01 ON ROADWAY,03 T-INTERSECTION,03 CURB,0,"December 31, 2000",,,,0,,0,,0,,,RCI,0,,,1 NO INJURY,33 Q/C VERIFIED AS OFF-SYSTEM,0 NO,02 AT INTERSECTION,02 DUSK,01 CLEAR,01 DRY,00 NOT CODED,0 NOT CODED,NOT CODED,"TWO-WAY, NOT DIVIDED",NOT CODED,NO CONTROLS,,NONE,NOT CODED,NOT CODED,NONE,NOT CODED,NOT CODED,09 OTHER NON-COLLISION,"04 SIDESWIPE, SAME DIRECTION",00 NOT CODED,NOT CODED,NO CONTRIBUTING ACTION,00 NOT CODED,00 NOT CODED,00 NOT CODED,00 NOT CODED,01 NO,0,0,0,0,1,0,2,2,N,N,N,Y,N,N,N,N,N,N,N,N,N,N,N,N,N,N,N,N,N,N,N,N,N,N,26.667295085,-80.058757335,593661.3583,2949931.2806,C,U,ARBM15Q1R2,"February 27, 2022",815337,-8912100.39673827,3081966.4175642044
2014849997410,2014,849997410,20140019430,COUNTY SHERIFF'S OFFICE,04 FOURTH,PALM BEACH,"November 14, 2014",1751,SATURDAY,9394 WEST PALM BEACH,0694,Y,OKEECHOBEE BLVD,ROSEMARY AVE,0.008,W,0,0,26.705776,-80.0570609,93280000,8.883,01770,SR 704,,L LEFT,3 THRU LANE 3,0,40 URBAN ONE WAY,05 LOCAL,77 OTHER (SEE NARRATIVE),01 ON ROADWAY,01 NOT AT INTERSECTION,03 CURB,40,"June 2, 2014",14 URBAN PRIN ART OTHER,46,CURB&GUTTER,2,,0,,0,,15500,RCI,2.3,,40,1 NO INJURY,31 Q/C COMPLETED - LOC VERIFIED,0 NO,02 AT INTERSECTION,04 DARK-LIGHTED,01 CLEAR,01 DRY,00 NOT CODED,0 NOT CODED,NOT CODED,"TWO-WAY, NOT DIVIDED",NOT CODED,NO CONTROLS,4,NONE,NOT CODED,NOT CODED,NONE,NOT CODED,NOT CODED,14 MOTOR VEHICLE IN TRANSPORT,"04 SIDESWIPE, SAME DIRECTION",00 NOT CODED,NOT CODED,NO CONTRIBUTING ACTION,00 NOT CODED,00 NOT CODED,00 NOT CODED,00 NOT CODED,01 NO,0,0,0,0,1,0,2,1,N,N,N,Y,N,N,N,N,N,N,N,N,N,N,N,N,N,N,N,N,N,N,N,N,N,N,26.705726988,-80.057090029,593795.812913,2954189.349625,O,,ARBM15Q1R2,"February 27, 2022",815338,-8911914.793259293,3086754.7004248216
2014850000310,2014,850000310,20140020553,COUNTY SHERIFF'S OFFICE,04 FOURTH,PALM BEACH,"December 5, 2014",0148,SATURDAY,9394 WEST PALM BEACH,0694,Y,DIXIE HWY S,VALLETTE WAY,0,,0,0,26.697921,-80.0540711,93020001,1.831,00709,SR 5,US 1,R RIGHT,1 THRU LANE 1,S SOUTH,22 URBAN 4-5LN 2WY UNDIVD,05 LOCAL,77 OTHER (SEE NARRATIVE),01 ON ROADWAY,02 FOUR-WAY INTERSECTION,01 PAVED,37,"June 2, 2008",16 URBAN MINOR ART,43,CURB&GUTTER,2,CURB&GUTTER,2,,0,,16000,RCI,4.7,,35,4 INCAPACITATING INJURY,31 Q/C COMPLETED - LOC VERIFIED,1 ALC,02 AT INTERSECTION,04 DARK-LIGHTED,01 CLEAR,01 DRY,01 LEVEL,1 STRAIGHT,"TWO-WAY, NOT DIVIDED","TWO-WAY, NOT DIVIDED","PERSON (INCLUDING FLAGMAN, OFF","PERSON (INCLUDING FLAGMAN, OFF",4,WORK ZONE (CONST/MNT/UTLTY)NTE,NON-HIGHWAY WORK,OTHER (SEE NARRATIVE),ALL OTHER (SEE NARRTIVE),NOT CODED,NOT CODED,14 MOTOR VEHICLE IN TRANSPORT,01 FRONT TO REAR,01 STRAIGHT AHEAD,OPERATED MV IN CARLESS OR NEGL,NO CONTRIBUTING ACTION,04 ACTIVITY AREA,01 LANE CLOSURE,02 YES,01 NO,01 NO,1,0,1,0,2,0,2,2,N,Y,Y,Y,N,N,N,N,N,N,Y,N,N,N,N,N,N,N,N,N,N,N,N,N,N,N,26.697922542,-80.054056772,594103.975796,2953327.136579,C,,ARBM15Q1R2,"February 27, 2022",815361,-8911577.13239676,3085782.203261498
2014849989600,2014,849989600,20140016391,COUNTY SHERIFF'S OFFICE,04 FOURTH,PALM BEACH,"September 24, 2014",0806,THURSDAY,9394 WEST PALM BEACH,0694,Y,OKEECHOBEE BLVD,SANSBURY WAY,0,,0,0,26.7087504,-80.1823066,93280000,1.141,02498,SR 704,,R RIGHT,S SIDE OF ROAD,E EAST,33 SUBURBAN 6+LN 2WY DIVD RASD,04 COUNTY,01 NON-JUNCTION,02 OFF ROADWAY,01 NOT AT INTERSECTION,03 CURB,41,"June 2, 2014",14 URBAN PRIN ART OTHER,48,PAVED,5,LAWN,12,,0,35,50000,RCI,3.6,,50,3 NO-INCAPACITATING INJURY,31 Q/C COMPLETED - LOC VERIFIED,0 NO,02 AT INTERSECTION,01 DAYLIGHT,01 CLEAR,01 DRY,01 LEVEL,1 STRAIGHT,"TWO-WAY, DIVIDED, POSITIVE MED",,NO CONTROLS,NOT CODED,8,NONE,NOT CODED,NOT CODED,NONE,NOT CODED,NOT CODED,33 UTILITY POLE/LIGHT SUPPORT,77 OTHER (SEE NARRATIVE),01 STRAIGHT AHEAD,NO CONTRIBUTING ACTION,NOT CODED,00 NOT CODED,00 NOT CODED,00 NOT CODED,00 NOT CODED,01 NO,1,0,0,0,1,0,1,1,N,N,N,Y,N,N,N,N,N,N,N,N,N,N,N,N,N,N,N,N,N,N,N,N,N,N,26.708725408,-80.182518634,581316.146263,2954435.307444,R,,ARBM15Q1R2,"February 27, 2022",815367,-8925877.445680425,3087128.34506026