Crash Id,Calendar Year,FDOT Crash Number,Reporting Agency Case Number,Reporting Agency Type,FDOT Managing District,County Name,Crash Date,Crash Time,Day,DHSMV City,Crash Report City Code,In Town,On Roadway Name,Int Roadway Name,Reference Distance (Miles),Reference Direction,Officer Latitude,Officer Longitude,FDOT Latitude,FDOT Longitude,FDOT Roadway,Nearest Inventory MP,Nearest Node From Crash,State Road #,US Highway,Crash Side of Road,Accident Lane Number,Travel Direction Vehicle 1,FDOT Road Category,DHSMV Road System Id,Relation to Junction,Crash Harmful Event Location,Intersection Type,Shoulder Type,FDOT Roadway SKID Test Result,FDOT Roadway SKID Test Date,Functional Class,RCI Surface Width,RCI Shoulder Type First,RCI Shoulder Width First,RCI Shoulder Type Second,RCI Shoulder Width Second,RCI Shoulder Type Third,RCI Shoulder Width Third,RCI Median Width,Avg Daily Traffic,AADT Source,RCI Avg Per Truck Traffic,RCI Horiz Curve Condition,Posted Speed Limit,Highest Injury in Crash,CAR Status Code,Alcohols/Drug Involved,Site Location,Lighting,Weather,Road Surface,Roadway Grade,Roadway Alignment,Traffic Way Vehicle 1,Traffic Way Vehicle 2,Traffic Control Vehicle 1,Traffic Control Vehicle 2,Count of Lanes,Road Condition 1,Road Condition 2,Road Condition 3,Environment Condition 1,Environment Condition 2,Environment Condition 3,Crash Harmful Event,Manner of Collision,Vehicle Movement,Driver Action Vehicle 1,Driver Action Vehicle 2,Location Within Workzone,Type of Workzone,Workers Present in Workzone,Law Enforcement Present in Workzone,School Bus Related,Count of Nonfatal Injuries,Count of Traffic Fatalities,Count of Serious Injuries,Count of Pedestrians,Count of Drivers,Count of Bicyclists,Count of Vehicles,Count of Persons,Wrong Way,Workzone Inv,Commercial Vehicle Inv,Intersection Inv,Lane Departure,Speeding,Agressive Driving,Impaired Driver,Impaired Pedestrian,Impaired Bicyclist,Distracted Driver,Speeding or Aggressive Driving,Pedestrian Related,Bicyclist Related,Pedestrian or Bicyclist Related,Motorcycle Inv,No Belt,No Belt - Ages 1-4,No Belt - Ages 5-12,No Belt - Ages 13-17,Driver - Ages Teen,Driver - Ages 65 plus,Driver - Ages 65-69,Driver - Ages 70-74,Driver - Ages 75-79,Driver - Ages 80 plus,ARBM Latitude,ARBM Longitude,UTM Zone 17N X,UTM Zone 17N Y,ARBM Side of Road,Urban Rural Indicator,GIS Street Source,Extract Date,OBJECTID,x,y
2014850000700,2014,850000700,20140020710,COUNTY SHERIFF'S OFFICE,04 FOURTH,PALM BEACH,"December 7, 2014",1701,MONDAY,9394 WEST PALM BEACH,0694,Y,BROADWAY,38TH ST,0.009,N,0,0,26.7478248,-80.0564855,93020000,11.067,00762,SR 5,US 1,L LEFT,1 THRU LANE 1,S SOUTH,20 URBAN 4-5LN 2WY DIVD RASD,04 COUNTY,01 NON-JUNCTION,01 ON ROADWAY,01 NOT AT INTERSECTION,03 CURB,41,"June 23, 2013",16 URBAN MINOR ART,22,CURB&GUTTER,2,,0,,0,16,18900,RCI,2,,35,1 NO INJURY,31 Q/C COMPLETED - LOC VERIFIED,0 NO,01 NOT AT INTERSECTION/RRX/BRIDGE,01 DAYLIGHT,01 CLEAR,01 DRY,01 LEVEL,1 STRAIGHT,"TWO-WAY, DIVIDED, POSITIVE MED","TWO-WAY, DIVIDED, POSITIVE MED",NO CONTROLS,NO CONTROLS,4,NONE,NOT CODED,NOT CODED,NONE,NOT CODED,NOT CODED,14 MOTOR VEHICLE IN TRANSPORT,01 FRONT TO REAR,01 STRAIGHT AHEAD,FOLLOWED TOO CLOSELY,NO CONTRIBUTING ACTION,00 NOT CODED,00 NOT CODED,00 NOT CODED,00 NOT CODED,01 NO,0,0,0,0,2,0,2,2,N,N,N,N,N,N,N,N,N,N,Y,N,N,N,N,N,N,N,N,N,N,N,N,N,N,N,26.747791731,-80.056501917,593819.809492,2958849.038408,C,,ARBM15Q1R2,"February 27, 2022",827034,-8911849.32493629,3091997.4561451054
2014845376130,2014,845376130,FHPL14OFF071561,FLORIDA HIGHWAY PATROL,04 FOURTH,PALM BEACH,"November 15, 2014",0620,SUNDAY,9394 WEST PALM BEACH,0694,N,I 95,SOUTHERN BLVD,0.1,S,26.675487,-80.0704615,26.6745627,-80.0703795,93220053,0.1,02309,SR 9,I 95,L LEFT,X RAMP,E EAST,07 RAMP URBAN,01 INTERSTATE,03 INTERSECTION-RELATED,04 MEDIAN,02 FOUR-WAY INTERSECTION,01 PAVED,0,"December 31, 2000",,40,PAVED,8,VALLEY GUTR,4,,0,,15500,RCI,8.5,,,0 UNKNOWN/NOT CODED,31 Q/C COMPLETED - LOC VERIFIED,0 NO,07 ENTRANCE RAMP,01 DAYLIGHT,01 CLEAR,01 DRY,04 DOWNHILL,1 STRAIGHT,ONE-WAY TRAFFICWAY,,YIELD SIGN,NOT CODED,3,NONE,NOT CODED,NOT CODED,NONE,NOT CODED,NOT CODED,30 CONCRETE TRAFFIC BARRIER,77 OTHER (SEE NARRATIVE),05 TURNING RIGHT,NOT CODED,NOT CODED,00 NOT CODED,00 NOT CODED,00 NOT CODED,00 NOT CODED,01 NO,0,0,0,0,0,0,1,0,N,N,N,N,N,N,N,N,N,N,N,N,N,N,N,N,N,N,N,N,N,N,N,N,N,N,26.6745517,-80.070389172,592497.979597,2950726.561317,O,,ARBM15Q1R2,"February 27, 2022",827860,-8913395.247329552,3082870.405406551
2014849995040,2014,849995040,20140018512,COUNTY SHERIFF'S OFFICE,04 FOURTH,PALM BEACH,"October 29, 2014",2114,THURSDAY,9394 WEST PALM BEACH,0694,Y,OKEECHOBEE BLVD,AUSTRALIAN AVE,0.059,N,0,0,26.704711,-80.0656299,93280090,0.06,04555,SR 704,,R RIGHT,X RAMP,N NORTH,07 RAMP URBAN,04 COUNTY,14 ENTRANCE/EXIT RAMP,01 ON ROADWAY,77 OTHER (SEE NARRATIVE),02 UNPAVED,0,"December 31, 2000",,18,PAVED,4,LAWN,2,,0,,,RCI,0,,,1 NO INJURY,31 Q/C COMPLETED - LOC VERIFIED,0 NO,08 EXIT RAMP,04 DARK-LIGHTED,01 CLEAR,01 DRY,04 DOWNHILL,3 CURVE LEFT,ONE-WAY TRAFFICWAY,ONE-WAY TRAFFICWAY,NO CONTROLS,NO CONTROLS,1,NONE,NOT CODED,NOT CODED,NONE,NOT CODED,NOT CODED,14 MOTOR VEHICLE IN TRANSPORT,"04 SIDESWIPE, SAME DIRECTION",15 NEGOTIATING A CURVE,NOT CODED,NO CONTRIBUTING ACTION,00 NOT CODED,00 NOT CODED,00 NOT CODED,00 NOT CODED,01 NO,0,0,0,0,1,0,2,2,N,N,Y,N,Y,N,N,N,N,N,N,N,N,N,N,N,N,N,N,N,Y,N,N,N,N,N,26.704707576,-80.0656397,592946.117925,2954070.173589,O,,ARBM15Q1R2,"February 27, 2022",827906,-8912866.538565632,3086627.6695816773
2014849996440,2014,849996440,20140019124,COUNTY SHERIFF'S OFFICE,04 FOURTH,PALM BEACH,"November 9, 2014",1821,MONDAY,9394 WEST PALM BEACH,0694,Y,BROADWAY,32ND ST,0.009,S,0,0,26.7425078,-80.0566355,93020000,10.701,00756,SR 5,US 1,R RIGHT,1 THRU LANE 1,W WEST,20 URBAN 4-5LN 2WY DIVD RASD,05 LOCAL,88 UNKNOWN,01 ON ROADWAY,03 T-INTERSECTION,01 PAVED,41,"June 23, 2013",16 URBAN MINOR ART,22,CURB&GUTTER,2,,0,,0,16,13400,RCI,5.7,,35,1 NO INJURY,31 Q/C COMPLETED - LOC VERIFIED,0 NO,02 AT INTERSECTION,04 DARK-LIGHTED,01 CLEAR,01 DRY,01 LEVEL,1 STRAIGHT,"TWO-WAY, DIVIDED, POSITIVE MED","TWO-WAY, DIVIDED, POSITIVE MED",NO CONTROLS,NO CONTROLS,4,NONE,UNKNOWN,NOT CODED,NONE,NOT CODED,NOT CODED,14 MOTOR VEHICLE IN TRANSPORT,01 FRONT TO REAR,01 STRAIGHT AHEAD,NO CONTRIBUTING ACTION,NO CONTRIBUTING ACTION,00 NOT CODED,00 NOT CODED,00 NOT CODED,00 NOT CODED,01 NO,0,0,0,0,2,0,2,2,N,N,N,Y,N,N,N,N,N,N,N,N,N,N,N,N,N,N,N,N,Y,N,N,N,N,N,26.742462857,-80.056648327,593809.623772,2958258.682038,C,,ARBM15Q1R2,"February 27, 2022",827910,-8911865.623171968,3091333.182565252
2014849987800,2014,849987800,20140015694,COUNTY SHERIFF'S OFFICE,04 FOURTH,PALM BEACH,"September 11, 2014",1511,FRIDAY,9394 WEST PALM BEACH,0694,Y,DIXIE HWY S,PURITAN RD,0.002,S,0,0,26.6683294,-80.0552702,93050000,5.326,00121,SR 805,US 1,L LEFT,1 THRU LANE 1,S SOUTH,22 URBAN 4-5LN 2WY UNDIVD,02 U.S.,01 NON-JUNCTION,01 ON ROADWAY,01 NOT AT INTERSECTION,03 CURB,34,"June 3, 2014",16 URBAN MINOR ART,46,PAVED,7,CURB&GUTTER,2,,0,,19100,RCI,6.3,,35,1 NO INJURY,31 Q/C COMPLETED - LOC VERIFIED,0 NO,02 AT INTERSECTION,01 DAYLIGHT,01 CLEAR,01 DRY,01 LEVEL,1 STRAIGHT,"TWO-WAY, DIVIDED, UNPROTECTED","TWO-WAY, DIVIDED, UNPROTECTED",NO CONTROLS,NO CONTROLS,4,NONE,NOT CODED,NOT CODED,NONE,NOT CODED,NOT CODED,14 MOTOR VEHICLE IN TRANSPORT,01 FRONT TO REAR,01 STRAIGHT AHEAD,NO CONTRIBUTING ACTION,NO CONTRIBUTING ACTION,00 NOT CODED,00 NOT CODED,00 NOT CODED,00 NOT CODED,01 NO,0,0,0,0,2,0,2,3,N,N,N,Y,N,N,N,N,N,N,N,N,N,N,N,N,N,N,N,N,Y,N,N,N,N,N,26.668302604,-80.055245074,594010.050123,2950045.458547,C,,ARBM15Q1R2,"February 27, 2022",828041,-8911709.413538849,3082091.9251336395
2014844930670,2014,844930670,FHPL14OFF063983,FLORIDA HIGHWAY PATROL,04 FOURTH,PALM BEACH,"October 13, 2014",1520,TUESDAY,9394 WEST PALM BEACH,0694,N,I 95,45TH ST,0.002,S,26.7589399,-80.0913,26.7593042,-80.0925742,93220073,0.207,04381,SR 9,I 95,L LEFT,X RAMP,S SOUTH,07 RAMP URBAN,01 INTERSTATE,14 ENTRANCE/EXIT RAMP,01 ON ROADWAY,01 NOT AT INTERSECTION,01 PAVED,0,"December 31, 2000",,24,PAVED,5,CURB&GUTTER,2,,0,,15000,RCI,3.6,,,3 NO-INCAPACITATING INJURY,31 Q/C COMPLETED - LOC VERIFIED,0 NO,08 EXIT RAMP,01 DAYLIGHT,01 CLEAR,01 DRY,01 LEVEL,2 CURVE RIGHT,ONE-WAY TRAFFICWAY,ONE-WAY TRAFFICWAY,TRAFFIC CONTROL SIGNAL,TRAFFIC CONTROL SIGNAL,2,NONE,NOT CODED,NOT CODED,NONE,NOT CODED,NOT CODED,14 MOTOR VEHICLE IN TRANSPORT,01 FRONT TO REAR,01 STRAIGHT AHEAD,OPERATED MV IN CARLESS OR NEGL,NO CONTRIBUTING ACTION,00 NOT CODED,00 NOT CODED,00 NOT CODED,00 NOT CODED,01 NO,1,0,0,0,2,0,2,3,N,N,N,N,N,N,N,N,N,N,N,N,N,N,N,N,N,N,N,N,N,N,N,N,N,N,26.759307679,-80.092580008,590222.989,2960098.5034,O,,ARBM15Q1R2,"February 27, 2022",828065,-8915865.520885423,3093433.0889023542
2014813911370,2014,813911370,14106036,COUNTY SHERIFF'S OFFICE,04 FOURTH,PALM BEACH,"August 7, 2014",2329,FRIDAY,9394 WEST PALM BEACH,0694,Y,I 95,SOUTHERN BLVD,0.189,S,0,0,26.6732713,-80.0704076,93220053,0.189,02220,SR 9,I 95,L LEFT,X RAMP,S SOUTH,07 RAMP URBAN,01 INTERSTATE,14 ENTRANCE/EXIT RAMP,01 ON ROADWAY,01 NOT AT INTERSECTION,01 PAVED,0,"December 31, 2000",,23,PAVED,5,LAWN,12,,0,,15500,RCI,8.5,,,1 NO INJURY,31 Q/C COMPLETED - LOC VERIFIED,1 ALC,08 EXIT RAMP,04 DARK-LIGHTED,01 CLEAR,01 DRY,04 DOWNHILL,1 STRAIGHT,ONE-WAY TRAFFICWAY,ONE-WAY TRAFFICWAY,NO CONTROLS,NO CONTROLS,2,NONE,NOT CODED,NOT CODED,NONE,NOT CODED,NOT CODED,14 MOTOR VEHICLE IN TRANSPORT,"04 SIDESWIPE, SAME DIRECTION",01 STRAIGHT AHEAD,FAILED TO KEEP IN PROPER LANE,NO CONTRIBUTING ACTION,00 NOT CODED,00 NOT CODED,00 NOT CODED,00 NOT CODED,01 NO,0,0,0,0,2,0,2,3,N,N,N,N,Y,N,N,N,N,N,N,N,N,N,N,N,N,N,N,N,N,Y,N,Y,N,N,26.673268293,-80.070405773,592497.363074,2950584.395445,O,,ARBM15Q1R2,"February 27, 2022",828133,-8913397.095378593,3082710.5216211695
2014850003560,2014,850003560,20140021739,COUNTY SHERIFF'S OFFICE,04 FOURTH,PALM BEACH,"December 25, 2014",2349,FRIDAY,9394 WEST PALM BEACH,0694,Y,I 95,OKEECHOBEE BLVD,0,,0,0,26.7057356,-80.0738435,93220065,0,01751,SR 9,I 95,R RIGHT,X RAMP,W WEST,07 RAMP URBAN,03 STATE,14 ENTRANCE/EXIT RAMP,01 ON ROADWAY,01 NOT AT INTERSECTION,03 CURB,0,"December 31, 2000",,14,PAVED,5,VALLEY GUTR,4,,0,,5000,RCI,3.6,,,4 INCAPACITATING INJURY,31 Q/C COMPLETED - LOC VERIFIED,0 NO,07 ENTRANCE RAMP,04 DARK-LIGHTED,03 RAIN,02 WET,01 LEVEL,1 STRAIGHT,"TWO-WAY, DIVIDED, POSITIVE MED","TWO-WAY, DIVIDED, POSITIVE MED",NO CONTROLS,NO CONTROLS,1,NONE,NOT CODED,NOT CODED,NONE,NOT CODED,NOT CODED,14 MOTOR VEHICLE IN TRANSPORT,01 FRONT TO REAR,16 LEAVING TRAFFIC LANE,OPERATED MV IN CARLESS OR NEGL,NO CONTRIBUTING ACTION,00 NOT CODED,00 NOT CODED,00 NOT CODED,00 NOT CODED,01 NO,2,0,1,0,2,0,2,2,N,N,N,N,N,N,N,N,N,N,N,N,N,N,N,N,N,N,N,N,N,N,N,N,N,N,26.705745727,-80.073839967,592129.5127,2954179.2099,O,,ARBM15Q1R2,"February 27, 2022",828193,-8913779.388268415,3086757.0354400645
2014849999140,2014,849999140,20140020041,COUNTY SHERIFF'S OFFICE,04 FOURTH,PALM BEACH,"November 25, 2014",1021,WEDNESDAY,9394 WEST PALM BEACH,0694,Y,I 95,SOUTHERN BLVD,0,,0,0,26.6764422,-80.0704851,93220155,0.52,04892,SR 9,I 95,L LEFT,X RAMP,S SOUTH,07 RAMP URBAN,04 COUNTY,02 INTERSECTION,01 ON ROADWAY,04 Y-INTERSECTION,03 CURB,0,"December 31, 2000",,39,PAVED,4,VALLEY GUTR,4,,0,,15500,RCI,8.5,,,1 NO INJURY,31 Q/C COMPLETED - LOC VERIFIED,0 NO,07 ENTRANCE RAMP,01 DAYLIGHT,03 RAIN,02 WET,03 UPHILL,2 CURVE RIGHT,"TWO-WAY, DIVIDED, POSITIVE MED","TWO-WAY, DIVIDED, POSITIVE MED",YIELD SIGN,NO CONTROLS,3,NONE,NOT CODED,NOT CODED,WEATHER CONDITIONS,NOT CODED,NOT CODED,14 MOTOR VEHICLE IN TRANSPORT,03 ANGLE,05 TURNING RIGHT,IMPROPER TURN,NO CONTRIBUTING ACTION,00 NOT CODED,00 NOT CODED,00 NOT CODED,00 NOT CODED,01 NO,0,0,0,0,2,0,2,2,N,N,N,N,N,N,N,N,N,N,Y,N,N,N,N,N,N,N,N,N,Y,Y,N,Y,N,N,26.67645828,-80.070503495,592485.0655,2950937.6567,O,,ARBM15Q1R2,"February 27, 2022",828312,-8913407.973721134,3083107.9258189593
2014846491190,2014,846491190,20140009011,CITY POLICE DEPARTMENT,04 FOURTH,PALM BEACH,"May 22, 2014",0004,FRIDAY,9394 WEST PALM BEACH,0694,Y,BROADWAY,NORTHWOOD RD,0,,0,0,26.7353023,-80.0528476,93020000,9.964,00745,SR 5,US 1,E END OF ST RD,E END OF ST RD,S SOUTH,22 URBAN 4-5LN 2WY UNDIVD,02 U.S.,01 NON-JUNCTION,01 ON ROADWAY,03 T-INTERSECTION,03 CURB,46,"June 23, 2013",16 URBAN MINOR ART,44,CURB&GUTTER,2,,0,,0,,13400,RCI,5.7,,30,2 POSSIBLE INJURY,31 Q/C COMPLETED - LOC VERIFIED,0 NO,01 NOT AT INTERSECTION/RRX/BRIDGE,04 DARK-LIGHTED,01 CLEAR,01 DRY,01 LEVEL,1 STRAIGHT,"TWO-WAY, NOT DIVIDED","TWO-WAY, NOT DIVIDED",NO CONTROLS,NO CONTROLS,4,NONE,NOT CODED,NOT CODED,UNKNOWN,NOT CODED,NOT CODED,14 MOTOR VEHICLE IN TRANSPORT,77 OTHER (SEE NARRATIVE),01 STRAIGHT AHEAD,EXCEEDED POSTED SPEED,NOT CODED,00 NOT CODED,00 NOT CODED,00 NOT CODED,00 NOT CODED,01 NO,1,0,0,0,1,0,2,1,N,N,N,N,Y,Y,Y,N,N,N,N,Y,N,N,N,N,N,N,N,N,N,N,N,N,N,N,26.735224651,-80.052837335,594194.584153,2957459.761951,C,,ARBM15Q1R2,"February 27, 2022",828351,-8911441.385315327,3090430.950239491
2014820394950,2014,820394950,FHPL14OFF001208,FLORIDA HIGHWAY PATROL,04 FOURTH,PALM BEACH,"January 5, 2014",2327,MONDAY,9394 WEST PALM BEACH,0694,Y,I 95,BELVEDERE RD,0.085,S,26.69076,-80.0669999,26.6892681,-80.0662131,93220158,0.656,03598,SR 9,I 95,R RIGHT,X RAMP,S SOUTH,07 RAMP URBAN,01 INTERSTATE,14 ENTRANCE/EXIT RAMP,03 SHOULDER,77 OTHER (SEE NARRATIVE),02 UNPAVED,0,"December 31, 2000",12 URBAN PRIN ART EXPR.,24,PAVED,5,LAWN,12,,0,,13000,RCI,3.6,,,5 FATAL(WITHIN 30 DAYS) INJURY,31 Q/C COMPLETED - LOC VERIFIED,3 A/D,08 EXIT RAMP,04 DARK-LIGHTED,01 CLEAR,01 DRY,04 DOWNHILL,2 CURVE RIGHT,"TWO-WAY, DIVIDED, POSITIVE MED",,WARNING SIGN,NOT CODED,2,NONE,NOT CODED,NOT CODED,NONE,NOT CODED,NOT CODED,34 TRAFFIC SIGN SUPPORT,77 OTHER (SEE NARRATIVE),15 NEGOTIATING A CURVE,DROVE TOO FAST FOR CONDITIONS,NOT CODED,00 NOT CODED,00 NOT CODED,00 NOT CODED,00 NOT CODED,01 NO,0,1,0,0,1,0,1,1,N,N,N,N,Y,Y,N,Y,N,N,N,Y,N,N,N,N,N,N,N,N,N,N,N,N,N,N,26.689273651,-80.066236942,592899.221719,2952360.226061,O,,ARBM15Q1R2,"February 27, 2022",828352,-8912933.023193024,3084704.559267626
2014850002720,2014,850002720,20140021443,COUNTY SHERIFF'S OFFICE,04 FOURTH,PALM BEACH,"December 20, 2014",1429,SUNDAY,9394 WEST PALM BEACH,0694,Y,OKEECHOBEE BLVD,ROSEMARY AVE S,0.005,W,0,0,26.7057714,-80.0570125,93280000,8.886,01770,SR 704,,R RIGHT,1 THRU LANE 1,E EAST,40 URBAN ONE WAY,04 COUNTY,03 INTERSECTION-RELATED,01 ON ROADWAY,01 NOT AT INTERSECTION,03 CURB,40,"June 2, 2014",14 URBAN PRIN ART OTHER,46,CURB&GUTTER,2,,0,,0,,15500,RCI,2.3,,40,2 POSSIBLE INJURY,31 Q/C COMPLETED - LOC VERIFIED,0 NO,02 AT INTERSECTION,01 DAYLIGHT,01 CLEAR,01 DRY,01 LEVEL,1 STRAIGHT,"TWO-WAY, DIVIDED, POSITIVE MED","TWO-WAY, DIVIDED, POSITIVE MED",TRAFFIC CONTROL SIGNAL,TRAFFIC CONTROL SIGNAL,4,NONE,NOT CODED,NOT CODED,NONE,NOT CODED,NOT CODED,14 MOTOR VEHICLE IN TRANSPORT,02 FRONT TO FRONT,01 STRAIGHT AHEAD,FOLLOWED TOO CLOSELY,NO CONTRIBUTING ACTION,00 NOT CODED,00 NOT CODED,00 NOT CODED,00 NOT CODED,01 NO,1,0,0,0,2,0,2,3,N,N,N,Y,N,N,N,N,N,N,N,N,N,N,N,N,N,N,N,N,N,N,N,N,N,N,26.705721771,-80.057041769,593800.618196,2954188.807238,O,,ARBM15Q1R2,"February 27, 2022",828435,-8911909.420856502,3086754.050256797
2014849999240,2014,849999240,20140020089,COUNTY SHERIFF'S OFFICE,04 FOURTH,PALM BEACH,"November 25, 2014",2114,WEDNESDAY,9394 WEST PALM BEACH,0694,Y,OLIVE AVE S,OKEECHOBEE BLVD,0,,0,0,26.70542,-80.0517755,93280000,9.211,00646,SR 704,,L LEFT,1 THRU LANE 1,N NORTH,40 URBAN ONE WAY,05 LOCAL,02 INTERSECTION,01 ON ROADWAY,02 FOUR-WAY INTERSECTION,03 CURB,40,"June 2, 2014",14 URBAN PRIN ART OTHER,22,PAVED,2,CURB&GUTTER,2,,0,,15500,RCI,2.3,,35,1 NO INJURY,31 Q/C COMPLETED - LOC VERIFIED,0 NO,02 AT INTERSECTION,04 DARK-LIGHTED,01 CLEAR,01 DRY,03 UPHILL,1 STRAIGHT,ONE-WAY TRAFFICWAY,ONE-WAY TRAFFICWAY,TRAFFIC CONTROL SIGNAL,TRAFFIC CONTROL SIGNAL,2,NONE,OTHER (SEE NARRATIVE),NOT CODED,NONE,NOT CODED,NOT CODED,14 MOTOR VEHICLE IN TRANSPORT,"04 SIDESWIPE, SAME DIRECTION",06 CHANGING LANES,FAILED TO KEEP IN PROPER LANE,NO CONTRIBUTING ACTION,00 NOT CODED,00 NOT CODED,00 NOT CODED,00 NOT CODED,01 NO,0,0,0,0,2,0,3,2,N,N,Y,Y,N,N,N,N,N,N,Y,N,N,N,N,N,N,N,N,N,N,N,N,N,N,N,26.705415076,-80.051794199,594322.90053,2954158.70872,O,,ARBM15Q1R2,"February 27, 2022",828436,-8911325.263960848,3086715.8323539975
2014849997380,2014,849997380,20140019416,COUNTY SHERIFF'S OFFICE,04 FOURTH,PALM BEACH,"November 14, 2014",1349,SATURDAY,9394 WEST PALM BEACH,0694,Y,BROADWAY,40TH ST,0.008,S,0,0,26.7492906,-80.0564983,93020000,11.168,00764,SR 5,US 1,R RIGHT,L LEFT TURN,N NORTH,21 URBAN 4-5LN 2WY DIVD PAVD,03 STATE,01 NON-JUNCTION,01 ON ROADWAY,01 NOT AT INTERSECTION,03 CURB,41,"June 23, 2013",16 URBAN MINOR ART,22,CURB&GUTTER,2,,0,,0,16,18900,RCI,2,,35,1 NO INJURY,31 Q/C COMPLETED - LOC VERIFIED,0 NO,02 AT INTERSECTION,01 DAYLIGHT,01 CLEAR,01 DRY,01 LEVEL,1 STRAIGHT,"TWO-WAY, NOT DIVIDED","TWO-WAY, NOT DIVIDED",NO CONTROLS,NO CONTROLS,4,NONE,NOT CODED,NOT CODED,NONE,NOT CODED,NOT CODED,14 MOTOR VEHICLE IN TRANSPORT,01 FRONT TO REAR,01 STRAIGHT AHEAD,OPERATED MV IN CARLESS OR NEGL,NO CONTRIBUTING ACTION,00 NOT CODED,00 NOT CODED,00 NOT CODED,00 NOT CODED,01 NO,0,0,0,0,2,0,2,2,N,N,N,Y,N,N,N,N,N,N,N,N,N,N,N,N,N,N,N,N,N,N,N,N,N,N,26.749262159,-80.056507535,593818.043528,2959011.905135,C,,ARBM15Q1R2,"February 27, 2022",828446,-8911849.950458925,3092180.7585681058
2014849994680,2014,849994680,20140018334,COUNTY SHERIFF'S OFFICE,04 FOURTH,PALM BEACH,"October 27, 2014",1622,TUESDAY,9394 WEST PALM BEACH,0694,Y,BROADWAY,54TH ST,0,,0,0,26.7597588,-80.0554906,93020000,11.891,00778,SR 5,US 1,L LEFT,1 THRU LANE 1,S SOUTH,21 URBAN 4-5LN 2WY DIVD PAVD,04 COUNTY,01 NON-JUNCTION,01 ON ROADWAY,01 NOT AT INTERSECTION,03 CURB,41,"June 23, 2013",16 URBAN MINOR ART,22,CURB&GUTTER,2,,0,,0,16,18900,RCI,2,,35,1 NO INJURY,31 Q/C COMPLETED - LOC VERIFIED,0 NO,02 AT INTERSECTION,01 DAYLIGHT,01 CLEAR,01 DRY,01 LEVEL,1 STRAIGHT,"TWO-WAY, DIVIDED, UNPROTECTED","TWO-WAY, DIVIDED, UNPROTECTED",NO CONTROLS,NO CONTROLS,4,NONE,NOT CODED,NOT CODED,NONE,NOT CODED,NOT CODED,14 MOTOR VEHICLE IN TRANSPORT,01 FRONT TO REAR,01 STRAIGHT AHEAD,OPERATED MV IN CARLESS OR NEGL,NO CONTRIBUTING ACTION,00 NOT CODED,00 NOT CODED,00 NOT CODED,00 NOT CODED,01 NO,0,0,0,0,2,0,2,3,N,N,N,Y,N,N,N,N,N,N,Y,N,N,N,N,N,N,N,N,N,N,Y,N,N,Y,N,26.759751578,-80.055493323,593910.276385,2960174.506912,C,,ARBM15Q1R2,"February 27, 2022",828568,-8911737.048824921,3093488.4304205626
2014849998450,2014,849998450,20140019796,COUNTY SHERIFF'S OFFICE,04 FOURTH,PALM BEACH,"November 20, 2014",1959,FRIDAY,9394 WEST PALM BEACH,0694,Y,DIXIE HWY S,GREGORY RD,0.002,N,0,0,26.6462702,-80.0562971,93050000,3.803,00087,SR 805,US 1,L LEFT,S SIDE OF ROAD,0,21 URBAN 4-5LN 2WY DIVD PAVD,04 COUNTY,03 INTERSECTION-RELATED,02 OFF ROADWAY,02 FOUR-WAY INTERSECTION,01 PAVED,34,"June 3, 2014",16 URBAN MINOR ART,24,CURB&GUTTER,2,,0,,0,12,22500,RCI,2.8,,35,0 UNKNOWN/NOT CODED,31 Q/C COMPLETED - LOC VERIFIED,0 NO,02 AT INTERSECTION,04 DARK-LIGHTED,03 RAIN,02 WET,01 LEVEL,1 STRAIGHT,NOT CODED,,TRAFFIC CONTROL SIGNAL,NOT CODED,4,"RD SURFC (WET, ICY, SNOW, ETC)",NOT CODED,NOT CODED,WEATHER CONDITIONS,NOT CODED,NOT CODED,14 MOTOR VEHICLE IN TRANSPORT,77 OTHER (SEE NARRATIVE),01 STRAIGHT AHEAD,NOT CODED,NOT CODED,00 NOT CODED,00 NOT CODED,00 NOT CODED,00 NOT CODED,01 NO,0,0,0,0,0,0,1,0,N,N,N,Y,N,N,N,N,N,N,N,N,N,N,N,N,N,N,N,N,N,N,N,N,N,N,26.646222958,-80.056303027,593922.843899,2947599.074746,C,,ARBM15Q1R2,"February 27, 2022",828576,-8911827.184341457,3079341.6975321644