Crash Id,Calendar Year,FDOT Crash Number,Reporting Agency Case Number,Reporting Agency Type,FDOT Managing District,County Name,Crash Date,Crash Time,Day,DHSMV City,Crash Report City Code,In Town,On Roadway Name,Int Roadway Name,Reference Distance (Miles),Reference Direction,Officer Latitude,Officer Longitude,FDOT Latitude,FDOT Longitude,FDOT Roadway,Nearest Inventory MP,Nearest Node From Crash,State Road #,US Highway,Crash Side of Road,Accident Lane Number,Travel Direction Vehicle 1,FDOT Road Category,DHSMV Road System Id,Relation to Junction,Crash Harmful Event Location,Intersection Type,Shoulder Type,FDOT Roadway SKID Test Result,FDOT Roadway SKID Test Date,Functional Class,RCI Surface Width,RCI Shoulder Type First,RCI Shoulder Width First,RCI Shoulder Type Second,RCI Shoulder Width Second,RCI Shoulder Type Third,RCI Shoulder Width Third,RCI Median Width,Avg Daily Traffic,AADT Source,RCI Avg Per Truck Traffic,RCI Horiz Curve Condition,Posted Speed Limit,Highest Injury in Crash,CAR Status Code,Alcohols/Drug Involved,Site Location,Lighting,Weather,Road Surface,Roadway Grade,Roadway Alignment,Traffic Way Vehicle 1,Traffic Way Vehicle 2,Traffic Control Vehicle 1,Traffic Control Vehicle 2,Count of Lanes,Road Condition 1,Road Condition 2,Road Condition 3,Environment Condition 1,Environment Condition 2,Environment Condition 3,Crash Harmful Event,Manner of Collision,Vehicle Movement,Driver Action Vehicle 1,Driver Action Vehicle 2,Location Within Workzone,Type of Workzone,Workers Present in Workzone,Law Enforcement Present in Workzone,School Bus Related,Count of Nonfatal Injuries,Count of Traffic Fatalities,Count of Serious Injuries,Count of Pedestrians,Count of Drivers,Count of Bicyclists,Count of Vehicles,Count of Persons,Wrong Way,Workzone Inv,Commercial Vehicle Inv,Intersection Inv,Lane Departure,Speeding,Agressive Driving,Impaired Driver,Impaired Pedestrian,Impaired Bicyclist,Distracted Driver,Speeding or Aggressive Driving,Pedestrian Related,Bicyclist Related,Pedestrian or Bicyclist Related,Motorcycle Inv,No Belt,No Belt - Ages 1-4,No Belt - Ages 5-12,No Belt - Ages 13-17,Driver - Ages Teen,Driver - Ages 65 plus,Driver - Ages 65-69,Driver - Ages 70-74,Driver - Ages 75-79,Driver - Ages 80 plus,ARBM Latitude,ARBM Longitude,UTM Zone 17N X,UTM Zone 17N Y,ARBM Side of Road,Urban Rural Indicator,GIS Street Source,Extract Date,OBJECTID,x,y
2014850000910,2014,850000910,20140020791,COUNTY SHERIFF'S OFFICE,04 FOURTH,PALM BEACH,"December 9, 2014",0808,WEDNESDAY,9394 WEST PALM BEACH,0694,Y,24TH ST,SPRUCE AVE,0.02,E,0,0,26.7356484,-80.0551889,93020002,0.146,04007,SR 5,US 1,R RIGHT,1 THRU LANE 1,N NORTH,12 URBAN 2-3LN 2WY UNDIVD,05 LOCAL,01 NON-JUNCTION,01 ON ROADWAY,01 NOT AT INTERSECTION,03 CURB,53,"June 23, 2013",17 URBAN MAJOR COLLECTOR,22,PAVED,7,CURB&GUTTER,2,,0,,13400,RCI,5.7,,30,1 NO INJURY,31 Q/C COMPLETED - LOC VERIFIED,0 NO,03 INFLUENCED BY INTERSECTION,01 DAYLIGHT,01 CLEAR,01 DRY,01 LEVEL,1 STRAIGHT,"TWO-WAY, NOT DIVIDED","TWO-WAY, NOT DIVIDED",NO CONTROLS,NO CONTROLS,2,NONE,NOT CODED,NOT CODED,NONE,NOT CODED,NOT CODED,14 MOTOR VEHICLE IN TRANSPORT,03 ANGLE,03 TURNING LEFT,FAILED TO YIELD RIGHT-OF-WAY,NO CONTRIBUTING ACTION,00 NOT CODED,00 NOT CODED,00 NOT CODED,00 NOT CODED,01 NO,0,0,0,0,2,0,2,2,N,N,N,Y,N,N,N,N,N,N,N,N,N,N,N,N,N,N,N,N,N,N,N,N,N,N,26.735662033,-80.055185512,593960.687612,2957506.47339,C,,ARBM15Q1R2,"February 27, 2022",828584,-8911702.783379262,3090485.4676305996
2014849990950,2014,849990950,20140016908,COUNTY SHERIFF'S OFFICE,04 FOURTH,PALM BEACH,"October 2, 2014",1428,FRIDAY,9394 WEST PALM BEACH,0694,Y,DIXIE HWY S,GREGORY RD,0,,0,0,26.6462416,-80.0562981,93050000,3.801,00087,SR 805,US 1,L LEFT,2 THRU LANE 2,S SOUTH,21 URBAN 4-5LN 2WY DIVD PAVD,02 U.S.,02 INTERSECTION,01 ON ROADWAY,02 FOUR-WAY INTERSECTION,03 CURB,34,"June 3, 2014",16 URBAN MINOR ART,24,CURB&GUTTER,2,,0,,0,12,22500,RCI,2.8,,35,1 NO INJURY,31 Q/C COMPLETED - LOC VERIFIED,0 NO,02 AT INTERSECTION,01 DAYLIGHT,01 CLEAR,01 DRY,01 LEVEL,1 STRAIGHT,"TWO-WAY, NOT DIV, W/CONT LTURN","TWO-WAY, NOT DIVIDED",TRAFFIC CONTROL SIGNAL,TRAFFIC CONTROL SIGNAL,4,NONE,NOT CODED,NOT CODED,NONE,NOT CODED,NOT CODED,14 MOTOR VEHICLE IN TRANSPORT,03 ANGLE,01 STRAIGHT AHEAD,RAN RED LIGHT,NO CONTRIBUTING ACTION,00 NOT CODED,00 NOT CODED,00 NOT CODED,00 NOT CODED,01 NO,0,0,0,0,3,0,3,4,N,N,N,Y,N,N,N,N,N,N,N,N,N,N,N,N,N,N,N,N,N,N,N,N,N,N,26.646193933,-80.056303934,593922.777373,2947595.859199,C,,ARBM15Q1R2,"February 27, 2022",828590,-8911827.285278946,3079338.082606464
2014849990080,2014,849990080,20140016588,COUNTY SHERIFF'S OFFICE,04 FOURTH,PALM BEACH,"September 27, 2014",2134,SUNDAY,9394 WEST PALM BEACH,0694,Y,45TH ST,BROADWAY,0,,0,0,26.7530716,-80.0561331,93020000,11.429,00769,SR 5,US 1,T SIDE RD LEFT,R RIGHT TURN,0,21 URBAN 4-5LN 2WY DIVD PAVD,05 LOCAL,02 INTERSECTION,01 ON ROADWAY,02 FOUR-WAY INTERSECTION,03 CURB,41,"June 23, 2013",16 URBAN MINOR ART,22,CURB&GUTTER,2,,0,,0,16,18900,RCI,2,,35,1 NO INJURY,31 Q/C COMPLETED - LOC VERIFIED,0 NO,02 AT INTERSECTION,04 DARK-LIGHTED,01 CLEAR,01 DRY,00 NOT CODED,0 NOT CODED,NOT CODED,"TWO-WAY, NOT DIVIDED",NOT CODED,TRAFFIC CONTROL SIGNAL,4,NONE,NOT CODED,NOT CODED,NONE,NOT CODED,NOT CODED,14 MOTOR VEHICLE IN TRANSPORT,01 FRONT TO REAR,00 NOT CODED,NOT CODED,NO CONTRIBUTING ACTION,00 NOT CODED,00 NOT CODED,00 NOT CODED,00 NOT CODED,01 NO,0,0,0,0,1,0,2,3,N,N,N,Y,N,N,N,N,N,N,N,N,N,N,N,N,N,N,N,N,N,N,N,N,N,N,26.753048856,-80.056146643,593850.821179,2959431.602097,C,,ARBM15Q1R2,"February 27, 2022",828592,-8911809.776057959,3092652.816376186
2014849994870,2014,849994870,20140018445,COUNTY SHERIFF'S OFFICE,04 FOURTH,PALM BEACH,"October 29, 2014",0944,THURSDAY,9394 WEST PALM BEACH,0694,Y,SOUTHERN BLVD,DIXIE HWY,0.001,E,0,0,26.6757124,-80.0554115,93120000,20.841,00131,SR 80,,R RIGHT,1 THRU LANE 1,E EAST,21 URBAN 4-5LN 2WY DIVD PAVD,03 STATE,01 NON-JUNCTION,01 ON ROADWAY,01 NOT AT INTERSECTION,03 CURB,40,"June 26, 2012",14 URBAN PRIN ART OTHER,22,PAVED,4,CURB&GUTTER,2,,0,12,21400,RCI,5.5,,35,2 POSSIBLE INJURY,31 Q/C COMPLETED - LOC VERIFIED,0 NO,02 AT INTERSECTION,01 DAYLIGHT,01 CLEAR,01 DRY,01 LEVEL,1 STRAIGHT,"TWO-WAY, NOT DIVIDED","TWO-WAY, NOT DIVIDED",NO CONTROLS,NO CONTROLS,4,NONE,NOT CODED,NOT CODED,NONE,NOT CODED,NOT CODED,14 MOTOR VEHICLE IN TRANSPORT,01 FRONT TO REAR,01 STRAIGHT AHEAD,OPERATED MV IN CARLESS OR NEGL,NO CONTRIBUTING ACTION,00 NOT CODED,00 NOT CODED,00 NOT CODED,00 NOT CODED,01 NO,1,0,0,0,2,0,2,2,N,N,N,Y,N,N,N,N,N,N,N,N,N,N,N,N,N,N,N,N,N,N,N,N,N,N,26.675699365,-80.05556411,593972.239346,2950864.511802,C,,ARBM15Q1R2,"February 27, 2022",828704,-8911744.928548802,3083013.3802890475
2014849999410,2014,849999410,20140020153,COUNTY SHERIFF'S OFFICE,04 FOURTH,PALM BEACH,"November 27, 2014",1949,FRIDAY,9394 WEST PALM BEACH,0694,Y,FOREST HILL BLVD,PARKER AVE,0,,0,0,26.6552887,-80.0638389,93016000,8.744,02426,SR 882,,L LEFT,1 THRU LANE 1,E EAST,21 URBAN 4-5LN 2WY DIVD PAVD,05 LOCAL,02 INTERSECTION,01 ON ROADWAY,02 FOUR-WAY INTERSECTION,03 CURB,39,"June 25, 2012",16 URBAN MINOR ART,17,PAVED,1,RAISED CURB,0,,0,11,17300,RCI,3.8,,35,2 POSSIBLE INJURY,31 Q/C COMPLETED - LOC VERIFIED,0 NO,02 AT INTERSECTION,04 DARK-LIGHTED,01 CLEAR,01 DRY,01 LEVEL,1 STRAIGHT,"TWO-WAY, NOT DIVIDED","TWO-WAY, NOT DIVIDED",NO CONTROLS,NO CONTROLS,4,NONE,NOT CODED,NOT CODED,NONE,NOT CODED,NOT CODED,14 MOTOR VEHICLE IN TRANSPORT,02 FRONT TO FRONT,03 TURNING LEFT,IMPROPER TURN,NO CONTRIBUTING ACTION,00 NOT CODED,00 NOT CODED,00 NOT CODED,00 NOT CODED,01 NO,4,0,0,0,2,0,2,5,N,N,N,Y,N,N,N,N,N,N,N,N,N,N,N,N,N,N,N,N,N,N,N,N,N,N,26.655294175,-80.063834313,593165.876744,2948598.311025,C,,ARBM15Q1R2,"February 27, 2022",828707,-8912665.563543279,3080471.538501291
2014836926990,2014,836926990,FHPL14OFF005305,FLORIDA HIGHWAY PATROL,04 FOURTH,PALM BEACH,"January 23, 2014",2042,FRIDAY,9394 WEST PALM BEACH,0694,N,I 95,FOREST HILL BLVD,0.009,N,26.6898032,-80.0578168,26.6557224,-80.0688382,93220052,0.009,01667,SR 9,I 95,R RIGHT,X RAMP,N NORTH,07 RAMP URBAN,01 INTERSTATE,14 ENTRANCE/EXIT RAMP,01 ON ROADWAY,01 NOT AT INTERSECTION,01 PAVED,0,"December 31, 2000",,25,PAVED,4,LAWN,8,,0,,12500,RCI,3.8,,,1 NO INJURY,31 Q/C COMPLETED - LOC VERIFIED,0 NO,07 ENTRANCE RAMP,04 DARK-LIGHTED,01 CLEAR,01 DRY,01 LEVEL,1 STRAIGHT,ONE-WAY TRAFFICWAY,ONE-WAY TRAFFICWAY,YIELD SIGN,YIELD SIGN,2,NONE,NOT CODED,NOT CODED,NONE,NOT CODED,NOT CODED,14 MOTOR VEHICLE IN TRANSPORT,03 ANGLE,01 STRAIGHT AHEAD,NOT CODED,NO CONTRIBUTING ACTION,00 NOT CODED,00 NOT CODED,00 NOT CODED,00 NOT CODED,01 NO,0,0,0,0,1,0,2,1,N,N,N,N,N,N,N,N,N,N,N,N,N,N,N,N,N,N,N,N,N,N,N,N,N,N,26.655711544,-80.068818345,592669.509546,2948640.913267,O,,ARBM15Q1R2,"February 27, 2022",828780,-8913220.383597884,3080523.5249453913
2014849998580,2014,849998580,20140019869,COUNTY SHERIFF'S OFFICE,04 FOURTH,PALM BEACH,"November 22, 2014",1014,SUNDAY,9394 WEST PALM BEACH,0694,Y,DIXIE HWY S,NOTTINGHAM BLVD,0,,0,0,26.674363,-80.0548234,93050000,5.743,00129,SR 805,US 1,R RIGHT,1 THRU LANE 1,N NORTH,21 URBAN 4-5LN 2WY DIVD PAVD,02 U.S.,02 INTERSECTION,01 ON ROADWAY,02 FOUR-WAY INTERSECTION,03 CURB,34,"June 3, 2014",16 URBAN MINOR ART,24,CURB&GUTTER,2,,0,,0,12,19100,RCI,6.3,,35,3 NO-INCAPACITATING INJURY,31 Q/C COMPLETED - LOC VERIFIED,0 NO,02 AT INTERSECTION,01 DAYLIGHT,02 CLOUDY,01 DRY,01 LEVEL,1 STRAIGHT,"TWO-WAY, NOT DIVIDED","TWO-WAY, NOT DIVIDED",TRAFFIC CONTROL SIGNAL,TRAFFIC CONTROL SIGNAL,4,NONE,NOT CODED,NOT CODED,NONE,NOT CODED,NOT CODED,14 MOTOR VEHICLE IN TRANSPORT,03 ANGLE,01 STRAIGHT AHEAD,OTHER CONTRIBUTING ACTION,OTHER CONTRIBUTING ACTION,00 NOT CODED,00 NOT CODED,00 NOT CODED,00 NOT CODED,01 NO,3,0,0,0,2,0,2,3,N,N,N,Y,N,N,N,N,N,N,N,N,N,N,N,N,N,N,N,N,N,Y,N,Y,N,N,26.674341622,-80.05482272,594047.126181,2950714.670077,C,,ARBM15Q1R2,"February 27, 2022",828836,-8911662.397301292,3082844.2343345047
2014849987420,2014,849987420,20140015539,COUNTY SHERIFF'S OFFICE,04 FOURTH,PALM BEACH,"September 8, 2014",2111,TUESDAY,9394 WEST PALM BEACH,0694,Y,BROADWAY,45TH ST,0.004,S,0,0,26.7530133,-80.0561387,93020000,11.425,00769,SR 5,US 1,R RIGHT,2 THRU LANE 2,0,21 URBAN 4-5LN 2WY DIVD PAVD,05 LOCAL,01 NON-JUNCTION,01 ON ROADWAY,02 FOUR-WAY INTERSECTION,01 PAVED,41,"June 23, 2013",16 URBAN MINOR ART,22,CURB&GUTTER,2,,0,,0,16,18900,RCI,2,,35,1 NO INJURY,31 Q/C COMPLETED - LOC VERIFIED,0 NO,02 AT INTERSECTION,03 DAWN,01 CLEAR,01 DRY,00 NOT CODED,0 NOT CODED,NOT CODED,"TWO-WAY, NOT DIVIDED",NOT CODED,TRAFFIC CONTROL SIGNAL,4,NONE,NOT CODED,NOT CODED,NONE,NONE,NONE,14 MOTOR VEHICLE IN TRANSPORT,01 FRONT TO REAR,00 NOT CODED,NOT CODED,NO CONTRIBUTING ACTION,00 NOT CODED,00 NOT CODED,00 NOT CODED,00 NOT CODED,01 NO,0,0,0,0,1,0,2,1,N,N,N,Y,N,N,N,N,N,N,N,N,N,N,N,N,N,N,N,N,N,N,N,N,N,N,26.752990925,-80.05615354,593850.182986,2959425.180331,C,,ARBM15Q1R2,"February 27, 2022",828848,-8911810.543778406,3092645.5944269393
2014849999780,2014,849999780,20140020338,COUNTY SHERIFF'S OFFICE,04 FOURTH,PALM BEACH,"December 1, 2014",1418,TUESDAY,9394 WEST PALM BEACH,0694,Y,I 95,FOREST HILL BLVD,0,,0,0,26.6554449,-80.0702743,93220051,0.18,03831,SR 9,I 95,L LEFT,X RAMP,S SOUTH,07 RAMP URBAN,03 STATE,02 INTERSECTION,01 ON ROADWAY,02 FOUR-WAY INTERSECTION,03 CURB,0,"December 31, 2000",,36,CURB&GUTTER,4,LAWN,12,,0,,12500,RCI,3.8,,,3 NO-INCAPACITATING INJURY,31 Q/C COMPLETED - LOC VERIFIED,0 NO,08 EXIT RAMP,01 DAYLIGHT,02 CLOUDY,01 DRY,01 LEVEL,1 STRAIGHT,"TWO-WAY, DIVIDED, POSITIVE MED","TWO-WAY, DIVIDED, POSITIVE MED",TRAFFIC CONTROL SIGNAL,NO CONTROLS,3,NONE,NOT CODED,NOT CODED,NONE,NOT CODED,NOT CODED,14 MOTOR VEHICLE IN TRANSPORT,01 FRONT TO REAR,03 TURNING LEFT,OPERATED MV IN CARLESS OR NEGL,NO CONTRIBUTING ACTION,00 NOT CODED,00 NOT CODED,00 NOT CODED,00 NOT CODED,01 NO,2,0,0,0,2,0,2,2,N,N,N,N,N,Y,N,N,N,N,N,Y,N,N,N,N,N,N,N,N,N,N,N,N,N,N,26.655437255,-80.070264381,592525.8162,2948609.4838,O,,ARBM15Q1R2,"February 27, 2022",828985,-8913381.35563627,3080489.3602218623
2014846478780,2014,846478780,20140004199,CITY POLICE DEPARTMENT,04 FOURTH,PALM BEACH,"March 8, 2014",0020,SUNDAY,9394 WEST PALM BEACH,0694,Y,I 95,45TH ST,0,,0,0,26.7592119,-80.0901424,93220075,0,04389,SR 9,I 95,R RIGHT,X RAMP,W WEST,07 RAMP URBAN,05 LOCAL,01 NON-JUNCTION,01 ON ROADWAY,02 FOUR-WAY INTERSECTION,01 PAVED,0,"December 31, 2000",,16,PAVED,4,LAWN,12,,0,,10000,RCI,3.6,,,2 POSSIBLE INJURY,31 Q/C COMPLETED - LOC VERIFIED,0 NO,07 ENTRANCE RAMP,04 DARK-LIGHTED,01 CLEAR,01 DRY,01 LEVEL,1 STRAIGHT,"TWO-WAY, DIVIDED, POSITIVE MED","TWO-WAY, DIVIDED, POSITIVE MED",NO CONTROLS,NO CONTROLS,1,NONE,NOT CODED,NOT CODED,NONE,NOT CODED,NOT CODED,14 MOTOR VEHICLE IN TRANSPORT,02 FRONT TO FRONT,01 STRAIGHT AHEAD,NO CONTRIBUTING ACTION,NO CONTRIBUTING ACTION,00 NOT CODED,00 NOT CODED,00 NOT CODED,00 NOT CODED,01 NO,2,0,0,0,2,0,2,2,N,N,N,N,Y,N,N,N,N,N,N,N,N,N,N,N,N,N,N,N,N,N,N,N,N,N,26.759225622,-80.090138723,590465.7983,2960091.1479,O,,ARBM15Q1R2,"February 27, 2022",828999,-8915593.758279726,3093422.858810155
2014849997160,2014,849997160,20140019343,COUNTY SHERIFF'S OFFICE,04 FOURTH,PALM BEACH,"November 13, 2014",1105,FRIDAY,9394 WEST PALM BEACH,0694,Y,QUADRILLE BLVD N,4TH ST,0,,0,0,26.7171662,-80.0550489,93020100,0.796,02411,SR 5,US 1,L LEFT,1 THRU LANE 1,W WEST,21 URBAN 4-5LN 2WY DIVD PAVD,05 LOCAL,02 INTERSECTION,01 ON ROADWAY,03 T-INTERSECTION,03 CURB,0,"December 31, 2000",17 URBAN MAJOR COLLECTOR,24,CURB&GUTTER,2,,0,,0,12,8400,RCI,3.6,,30,1 NO INJURY,31 Q/C COMPLETED - LOC VERIFIED,0 NO,02 AT INTERSECTION,01 DAYLIGHT,01 CLEAR,01 DRY,01 LEVEL,1 STRAIGHT,"TWO-WAY, NOT DIVIDED","TWO-WAY, NOT DIVIDED",STOP SIGN,NO CONTROLS,4,NONE,NOT CODED,NOT CODED,NONE,NOT CODED,NOT CODED,14 MOTOR VEHICLE IN TRANSPORT,03 ANGLE,03 TURNING LEFT,FAILED TO YIELD RIGHT-OF-WAY,NO CONTRIBUTING ACTION,00 NOT CODED,00 NOT CODED,00 NOT CODED,00 NOT CODED,01 NO,0,0,0,0,2,0,2,2,N,N,N,Y,N,N,N,N,N,N,N,N,N,N,N,N,N,N,N,N,N,Y,Y,N,Y,N,26.717167704,-80.055055755,593988.787916,2955458.064258,C,,ARBM15Q1R2,"February 27, 2022",829098,-8911688.338850688,3088180.4267166187
2014837967100,2014,837967100,FHPL14OFF037500,FLORIDA HIGHWAY PATROL,04 FOURTH,PALM BEACH,"June 20, 2014",1843,SATURDAY,9394 WEST PALM BEACH,0694,Y,SR 9,SR 704,0.028,S,26.7050901,-80.0733408,26.7054495,-80.073082,93220061,0.148,01757,SR 9,I 95,R RIGHT,X RAMP,N NORTH,07 RAMP URBAN,01 INTERSTATE,14 ENTRANCE/EXIT RAMP,01 ON ROADWAY,04 Y-INTERSECTION,02 UNPAVED,0,"December 31, 2000",,14,CURB&GUTTER,2,VALLEY GUTR,4,,0,,11500,RCI,3.6,,,2 POSSIBLE INJURY,31 Q/C COMPLETED - LOC VERIFIED,1 ALC,08 EXIT RAMP,01 DAYLIGHT,01 CLEAR,01 DRY,01 LEVEL,1 STRAIGHT,ONE-WAY TRAFFICWAY,ONE-WAY TRAFFICWAY,TRAFFIC CONTROL SIGNAL,TRAFFIC CONTROL SIGNAL,1,NONE,NOT CODED,NOT CODED,NONE,NOT CODED,NOT CODED,14 MOTOR VEHICLE IN TRANSPORT,01 FRONT TO REAR,01 STRAIGHT AHEAD,OPERATED MV IN CARLESS OR NEGL,NO CONTRIBUTING ACTION,00 NOT CODED,00 NOT CODED,00 NOT CODED,00 NOT CODED,01 NO,1,0,0,0,2,0,2,2,N,N,Y,N,N,N,N,Y,N,N,N,N,N,N,N,N,N,N,N,N,N,N,N,N,N,N,26.70546254,-80.073091837,592204.16468,2954148.384123,O,,ARBM15Q1R2,"February 27, 2022",829196,-8913696.106777526,3086721.7468850594
2014849997950,2014,849997950,20140019631,COUNTY SHERIFF'S OFFICE,04 FOURTH,PALM BEACH,"November 18, 2014",1018,WEDNESDAY,9394 WEST PALM BEACH,0694,Y,I 95,PALM BEACH LAKES BLVD,0,,0,0,26.7193688,-80.088869,93220070,0.218,04376,SR 9,I 95,R RIGHT,X RAMP,E EAST,07 RAMP URBAN,05 LOCAL,02 INTERSECTION,01 ON ROADWAY,03 T-INTERSECTION,03 CURB,0,"December 31, 2000",,24,PAVED,6,CURB&GUTTER,2,,0,,13000,RCI,3.6,,,1 NO INJURY,31 Q/C COMPLETED - LOC VERIFIED,0 NO,08 EXIT RAMP,01 DAYLIGHT,02 CLOUDY,02 WET,01 LEVEL,1 STRAIGHT,"TWO-WAY, DIVIDED, POSITIVE MED","TWO-WAY, DIVIDED, POSITIVE MED",TRAFFIC CONTROL SIGNAL,TRAFFIC CONTROL SIGNAL,2,NONE,NOT CODED,NOT CODED,NONE,NOT CODED,NOT CODED,14 MOTOR VEHICLE IN TRANSPORT,03 ANGLE,01 STRAIGHT AHEAD,NO CONTRIBUTING ACTION,NO CONTRIBUTING ACTION,00 NOT CODED,00 NOT CODED,00 NOT CODED,00 NOT CODED,01 NO,0,0,0,0,2,0,2,2,N,N,N,N,N,N,N,N,N,N,N,N,N,N,N,N,N,N,N,N,N,N,N,N,N,N,26.719369169,-80.088875962,590622.9475,2955677.4058,O,,ARBM15Q1R2,"February 27, 2022",829249,-8915453.188132634,3088454.7865687637
2014846478750,2014,846478750,20140004189,CITY POLICE DEPARTMENT,04 FOURTH,PALM BEACH,"March 7, 2014",1921,SATURDAY,9394 WEST PALM BEACH,0694,Y,SOUTHERN BLVD,DIXIE HWY,0.009,E,0,0,26.6757087,-80.0552824,93120000,20.849,00131,SR 80,,L LEFT,1 THRU LANE 1,S SOUTH,21 URBAN 4-5LN 2WY DIVD PAVD,02 U.S.,01 NON-JUNCTION,01 ON ROADWAY,01 NOT AT INTERSECTION,03 CURB,40,"June 26, 2012",14 URBAN PRIN ART OTHER,22,PAVED,4,CURB&GUTTER,2,,0,12,21400,RCI,5.5,,35,1 NO INJURY,31 Q/C COMPLETED - LOC VERIFIED,0 NO,04 DRIVEWAY ACCESS,04 DARK-LIGHTED,02 CLOUDY,01 DRY,01 LEVEL,1 STRAIGHT,"TWO-WAY, NOT DIVIDED",UNKNOWN,OTHER (SEE NARRATIVE),UNKNOWN,4,NONE,NOT CODED,NOT CODED,NONE,NOT CODED,NOT CODED,14 MOTOR VEHICLE IN TRANSPORT,03 ANGLE,03 TURNING LEFT,FAILED TO YIELD RIGHT-OF-WAY,OTHER CONTRIBUTING ACTION,00 NOT CODED,00 NOT CODED,00 NOT CODED,00 NOT CODED,01 NO,0,0,0,0,2,0,2,2,N,N,N,N,N,N,N,N,N,N,N,N,N,N,N,N,N,N,N,N,N,Y,N,N,N,Y,26.6756956,-80.055435078,593985.081943,2950864.189866,C,,ARBM15Q1R2,"February 27, 2022",829270,-8911730.564754467,3083012.9113535252
2014837217850,2014,837217850,FHPL14OFF012993,FLORIDA HIGHWAY PATROL,04 FOURTH,PALM BEACH,"February 26, 2014",2325,THURSDAY,9394 WEST PALM BEACH,0694,Y,I 95,SR 80,0.095,N,26.67633,-80.06985,26.6776039,-80.0688027,93220156,0.095,01538,SR 9,I 95,R RIGHT,X RAMP,N NORTH,07 RAMP URBAN,01 INTERSTATE,14 ENTRANCE/EXIT RAMP,01 ON ROADWAY,04 Y-INTERSECTION,01 PAVED,0,"December 31, 2000",,25,PAVED,10,LAWN,12,,0,,14500,RCI,8.5,,,3 NO-INCAPACITATING INJURY,31 Q/C COMPLETED - LOC VERIFIED,0 NO,07 ENTRANCE RAMP,04 DARK-LIGHTED,03 RAIN,02 WET,04 DOWNHILL,1 STRAIGHT,ONE-WAY TRAFFICWAY,,NO CONTROLS,NOT CODED,2,DEBRIS,NOT CODED,NOT CODED,NONE,NOT CODED,NOT CODED,30 CONCRETE TRAFFIC BARRIER,77 OTHER (SEE NARRATIVE),01 STRAIGHT AHEAD,OTHER CONTRIBUTING ACTION,NOT CODED,00 NOT CODED,00 NOT CODED,00 NOT CODED,00 NOT CODED,01 NO,1,0,0,0,1,0,1,1,N,N,N,N,Y,N,N,N,N,N,N,N,N,N,N,N,N,N,N,N,N,N,N,N,N,N,26.677620123,-80.068804404,592653.195137,2951067.578472,O,,ARBM15Q1R2,"February 27, 2022",829468,-8913218.831838956,3083252.66944841
2014838168820,2014,838168820,FHPL14OFF042895,FLORIDA HIGHWAY PATROL,04 FOURTH,PALM BEACH,"July 15, 2014",1310,WEDNESDAY,9394 WEST PALM BEACH,0694,Y,I 95,45TH ST,0.004,S,26.7587771,-80.090024,26.7586875,-80.0899104,93220074,0.222,04382,SR 9,I 95,R RIGHT,X RAMP,N NORTH,07 RAMP URBAN,01 INTERSTATE,14 ENTRANCE/EXIT RAMP,01 ON ROADWAY,04 Y-INTERSECTION,01 PAVED,0,"December 31, 2000",,24,CURB&GUTTER,2,LAWN,12,,0,,18500,RCI,3.6,,,1 NO INJURY,31 Q/C COMPLETED - LOC VERIFIED,0 NO,08 EXIT RAMP,01 DAYLIGHT,03 RAIN,02 WET,04 DOWNHILL,2 CURVE RIGHT,ONE-WAY TRAFFICWAY,ONE-WAY TRAFFICWAY,TRAFFIC CONTROL SIGNAL,TRAFFIC CONTROL SIGNAL,2,NONE,NOT CODED,NOT CODED,NONE,NOT CODED,NOT CODED,14 MOTOR VEHICLE IN TRANSPORT,03 ANGLE,01 STRAIGHT AHEAD,DROVE TOO FAST FOR CONDITIONS,NO CONTRIBUTING ACTION,00 NOT CODED,00 NOT CODED,00 NOT CODED,00 NOT CODED,01 NO,0,0,0,0,3,0,3,3,N,N,Y,N,N,Y,Y,N,N,N,Y,Y,N,N,N,N,N,N,N,N,N,Y,Y,N,N,N,26.758697189,-80.089920347,590487.930823,2960032.771889,O,,ARBM15Q1R2,"February 27, 2022",830324,-8915569.448690752,3093356.9786552703
2014842683170,2014,842683170,20140000420,CITY POLICE DEPARTMENT,04 FOURTH,PALM BEACH,"January 7, 2014",0850,WEDNESDAY,9394 WEST PALM BEACH,0694,Y,FOREST HILL BLVD,FOREST CT,0.001,E,0,0,26.6553963,-80.0670501,93016000,8.545,02425,SR 882,,L LEFT,1 THRU LANE 1,U UNNWN,21 URBAN 4-5LN 2WY DIVD PAVD,04 COUNTY,02 INTERSECTION,01 ON ROADWAY,03 T-INTERSECTION,03 CURB,39,"June 25, 2012",16 URBAN MINOR ART,17,PAVED,1,RAISED CURB,0,,0,11,28500,RCI,2.1,,35,1 NO INJURY,31 Q/C COMPLETED - LOC VERIFIED,0 NO,02 AT INTERSECTION,01 DAYLIGHT,02 CLOUDY,02 WET,01 LEVEL,1 STRAIGHT,UNKNOWN,"TWO-WAY, NOT DIVIDED",UNKNOWN,NO CONTROLS,4,NONE,NOT CODED,NOT CODED,NONE,NOT CODED,NOT CODED,14 MOTOR VEHICLE IN TRANSPORT,"04 SIDESWIPE, SAME DIRECTION",88 UNKNOWN,OTHER CONTRIBUTING ACTION,NO CONTRIBUTING ACTION,00 NOT CODED,00 NOT CODED,00 NOT CODED,00 NOT CODED,"02 YES, SCHOOL BUS DIRECTLY INVOL",0,0,0,0,2,0,2,3,N,N,Y,Y,N,N,N,N,N,N,N,N,N,N,N,N,N,N,N,N,N,N,N,N,N,N,26.655382094,-80.067046494,592846.116854,2948605.709656,C,,ARBM15Q1R2,"February 27, 2022",830627,-8913023.141938938,3080482.489560917