Crash Id,Calendar Year,FDOT Crash Number,Reporting Agency Case Number,Reporting Agency Type,FDOT Managing District,County Name,Crash Date,Crash Time,Day,DHSMV City,Crash Report City Code,In Town,On Roadway Name,Int Roadway Name,Reference Distance (Miles),Reference Direction,Officer Latitude,Officer Longitude,FDOT Latitude,FDOT Longitude,FDOT Roadway,Nearest Inventory MP,Nearest Node From Crash,State Road #,US Highway,Crash Side of Road,Accident Lane Number,Travel Direction Vehicle 1,FDOT Road Category,DHSMV Road System Id,Relation to Junction,Crash Harmful Event Location,Intersection Type,Shoulder Type,FDOT Roadway SKID Test Result,FDOT Roadway SKID Test Date,Functional Class,RCI Surface Width,RCI Shoulder Type First,RCI Shoulder Width First,RCI Shoulder Type Second,RCI Shoulder Width Second,RCI Shoulder Type Third,RCI Shoulder Width Third,RCI Median Width,Avg Daily Traffic,AADT Source,RCI Avg Per Truck Traffic,RCI Horiz Curve Condition,Posted Speed Limit,Highest Injury in Crash,CAR Status Code,Alcohols/Drug Involved,Site Location,Lighting,Weather,Road Surface,Roadway Grade,Roadway Alignment,Traffic Way Vehicle 1,Traffic Way Vehicle 2,Traffic Control Vehicle 1,Traffic Control Vehicle 2,Count of Lanes,Road Condition 1,Road Condition 2,Road Condition 3,Environment Condition 1,Environment Condition 2,Environment Condition 3,Crash Harmful Event,Manner of Collision,Vehicle Movement,Driver Action Vehicle 1,Driver Action Vehicle 2,Location Within Workzone,Type of Workzone,Workers Present in Workzone,Law Enforcement Present in Workzone,School Bus Related,Count of Nonfatal Injuries,Count of Traffic Fatalities,Count of Serious Injuries,Count of Pedestrians,Count of Drivers,Count of Bicyclists,Count of Vehicles,Count of Persons,Wrong Way,Workzone Inv,Commercial Vehicle Inv,Intersection Inv,Lane Departure,Speeding,Agressive Driving,Impaired Driver,Impaired Pedestrian,Impaired Bicyclist,Distracted Driver,Speeding or Aggressive Driving,Pedestrian Related,Bicyclist Related,Pedestrian or Bicyclist Related,Motorcycle Inv,No Belt,No Belt - Ages 1-4,No Belt - Ages 5-12,No Belt - Ages 13-17,Driver - Ages Teen,Driver - Ages 65 plus,Driver - Ages 65-69,Driver - Ages 70-74,Driver - Ages 75-79,Driver - Ages 80 plus,ARBM Latitude,ARBM Longitude,UTM Zone 17N X,UTM Zone 17N Y,ARBM Side of Road,Urban Rural Indicator,GIS Street Source,Extract Date,OBJECTID,x,y
2014837635320,2014,837635320,FHPL14OFF031599,FLORIDA HIGHWAY PATROL,04 FOURTH,PALM BEACH,"May 24, 2014",0210,SUNDAY,9394 WEST PALM BEACH,0694,N,I 95,OKEECHOBEE BLVD,0.028,S,26.6915166,-80.0666267,26.7032891,-80.0734368,93220000,26.963,01181,SR 9,I 95,R RIGHT,S SIDE OF ROAD,N NORTH,01 INTERSTATE URBAN,01 INTERSTATE,01 NON-JUNCTION,03 SHOULDER,01 NOT AT INTERSECTION,01 PAVED,32,"September 8, 2013",11 URBAN PRIN ART INT.,64,PAVED WARN,11,LAWN,0,,0,32,205500,RCI,7.5,0D4500,65,1 NO INJURY,31 Q/C COMPLETED - LOC VERIFIED,0 NO,01 NOT AT INTERSECTION/RRX/BRIDGE,04 DARK-LIGHTED,01 CLEAR,01 DRY,03 UPHILL,3 CURVE LEFT,"TWO-WAY, DIVIDED, POSITIVE MED",,NO CONTROLS,NOT CODED,10,NONE,NOT CODED,NOT CODED,NONE,NOT CODED,NOT CODED,30 CONCRETE TRAFFIC BARRIER,77 OTHER (SEE NARRATIVE),01 STRAIGHT AHEAD,NO CONTRIBUTING ACTION,NOT CODED,00 NOT CODED,00 NOT CODED,00 NOT CODED,00 NOT CODED,01 NO,0,0,0,0,1,0,1,1,N,N,N,N,Y,N,N,N,N,N,N,N,N,N,N,N,N,N,N,N,N,N,N,N,N,N,26.703129109,-80.07335464,592179.899571,2953889.735655,R,,ARBM15Q1R2,"February 27, 2022",856971,-8913725.361910455,3086430.9762904984
2014837709060,2014,837709060,FHPL14OFF023546,FLORIDA HIGHWAY PATROL,04 FOURTH,PALM BEACH,"April 16, 2014",1315,THURSDAY,9394 WEST PALM BEACH,0694,Y,SR 9,SR 710,0.095,S,26.7695257,-80.0949854,26.7696713,-80.0951578,93220000,32.008,01192,SR 9,I 95,R RIGHT,5 THRU LANE 5,N NORTH,01 INTERSTATE URBAN,01 INTERSTATE,01 NON-JUNCTION,01 ON ROADWAY,01 NOT AT INTERSECTION,01 PAVED,31,"September 8, 2013",11 URBAN PRIN ART INT.,78,PAVED WARN,8,VALLEY GUTR,3,,0,32,201000,RCI,7.5,,65,1 NO INJURY,31 Q/C COMPLETED - LOC VERIFIED,0 NO,01 NOT AT INTERSECTION/RRX/BRIDGE,01 DAYLIGHT,02 CLOUDY,01 DRY,03 UPHILL,1 STRAIGHT,"TWO-WAY, DIVIDED, POSITIVE MED","TWO-WAY, DIVIDED, POSITIVE MED",NO CONTROLS,NO CONTROLS,10,NONE,NOT CODED,NOT CODED,NONE,NOT CODED,NOT CODED,14 MOTOR VEHICLE IN TRANSPORT,01 FRONT TO REAR,01 STRAIGHT AHEAD,OPERATED MV IN CARLESS OR NEGL,NO CONTRIBUTING ACTION,00 NOT CODED,00 NOT CODED,00 NOT CODED,00 NOT CODED,01 NO,0,0,0,0,2,0,2,2,N,N,N,N,N,N,N,N,N,N,N,N,N,N,N,N,N,N,N,N,N,N,N,N,N,N,26.769538946,-80.095134691,589960.908881,2961229.948213,R,,ARBM15Q1R2,"February 27, 2022",859696,-8916149.907070793,3094708.6893316777
2014838123710,2014,838123710,FHPL14OFF055867,FLORIDA HIGHWAY PATROL,04 FOURTH,PALM BEACH,"September 9, 2014",0645,WEDNESDAY,9394 WEST PALM BEACH,0694,N,SOUTHERN BLVD,LANDG RD,0.009,E,26.6761229,-80.0738783,26.6762317,-80.074688,93120000,19.646,00367,SR 80,US 98,R RIGHT,4 THRU LANE 4,E EAST,30 URBAN 6+LN 2WY DIVD RASD,03 STATE,01 NON-JUNCTION,01 ON ROADWAY,01 NOT AT INTERSECTION,03 CURB,44,"June 26, 2012",14 URBAN PRIN ART OTHER,48,PAVED,4,CURB&GUTTER,2,,0,41,58000,RCI,9,,45,1 NO INJURY,31 Q/C COMPLETED - LOC VERIFIED,0 NO,02 AT INTERSECTION,03 DAWN,02 CLOUDY,02 WET,03 UPHILL,1 STRAIGHT,"TWO-WAY, DIVIDED, POSITIVE MED","TWO-WAY, DIVIDED, POSITIVE MED",NO CONTROLS,NO CONTROLS,8,NONE,NOT CODED,NOT CODED,NONE,NOT CODED,NOT CODED,14 MOTOR VEHICLE IN TRANSPORT,01 FRONT TO REAR,01 STRAIGHT AHEAD,OPERATED MV IN CARLESS OR NEGL,NO CONTRIBUTING ACTION,00 NOT CODED,00 NOT CODED,00 NOT CODED,00 NOT CODED,01 NO,0,0,0,0,3,0,3,4,N,N,N,Y,N,N,N,N,N,N,Y,N,N,N,N,N,N,N,N,N,N,N,N,N,N,N,26.676207406,-80.074824501,592055.303546,2950906.744711,R,,ARBM15Q1R2,"February 27, 2022",860355,-8913888.98614565,3083076.6719073965
2014838080080,2014,838080080,FHPL14OFF033439,FLORIDA HIGHWAY PATROL,04 FOURTH,PALM BEACH,"June 1, 2014",1705,MONDAY,9394 WEST PALM BEACH,0694,N,SR 9,BELVEDERE RD,0.5,N,26.7006539,-80.0722747,26.6972672,-80.0699498,93220000,26.515,04933,SR 9,I 95,L LEFT,3 THRU LANE 3,S SOUTH,01 INTERSTATE URBAN,01 INTERSTATE,01 NON-JUNCTION,01 ON ROADWAY,01 NOT AT INTERSECTION,01 PAVED,32,"September 8, 2013",11 URBAN PRIN ART INT.,64,PAVED WARN,13,,0,,0,32,205500,RCI,7.5,,65,1 NO INJURY,31 Q/C COMPLETED - LOC VERIFIED,0 NO,01 NOT AT INTERSECTION/RRX/BRIDGE,01 DAYLIGHT,01 CLEAR,01 DRY,01 LEVEL,1 STRAIGHT,"TWO-WAY, DIVIDED, POSITIVE MED","TWO-WAY, DIVIDED, POSITIVE MED",NO CONTROLS,NO CONTROLS,10,NONE,NOT CODED,NOT CODED,NONE,NOT CODED,NOT CODED,14 MOTOR VEHICLE IN TRANSPORT,"04 SIDESWIPE, SAME DIRECTION",06 CHANGING LANES,NOT CODED,NO CONTRIBUTING ACTION,00 NOT CODED,00 NOT CODED,00 NOT CODED,00 NOT CODED,01 NO,0,0,0,0,1,0,2,1,N,N,N,N,Y,N,N,N,N,N,N,N,N,N,N,N,N,N,N,N,N,N,N,N,N,N,26.697308856,-80.070322171,592486.276911,2953247.261655,L,,ARBM15Q1R2,"February 27, 2022",860717,-8913387.788873367,3085705.73580292
2014838156510,2014,838156510,FHPL14OFF048651,FLORIDA HIGHWAY PATROL,04 FOURTH,PALM BEACH,"August 8, 2014",1704,SATURDAY,9394 WEST PALM BEACH,0694,N,I 95,45TH ST,1,S,26.75899,-80.0886699,26.4571539,-80.0893002,93220000,9.624,04926,SR 9,I 95,M MEDIAN,M MIDDLE,N NORTH,01 INTERSTATE URBAN,01 INTERSTATE,01 NON-JUNCTION,03 SHOULDER,01 NOT AT INTERSECTION,01 PAVED,33,"September 8, 2013",11 URBAN PRIN ART INT.,64,PAVED WARN,10,LAWN,12,,0,32,195500,RCI,6,,65,2 POSSIBLE INJURY,31 Q/C COMPLETED - LOC VERIFIED,0 NO,01 NOT AT INTERSECTION/RRX/BRIDGE,01 DAYLIGHT,03 RAIN,02 WET,01 LEVEL,1 STRAIGHT,"TWO-WAY, DIVIDED, POSITIVE MED",,NO CONTROLS,NOT CODED,10,"RD SURFC (WET, ICY, SNOW, ETC)",NOT CODED,NOT CODED,WEATHER CONDITIONS,NOT CODED,NOT CODED,30 CONCRETE TRAFFIC BARRIER,77 OTHER (SEE NARRATIVE),01 STRAIGHT AHEAD,NO CONTRIBUTING ACTION,NOT CODED,00 NOT CODED,00 NOT CODED,00 NOT CODED,00 NOT CODED,01 NO,1,0,0,0,1,0,1,1,N,N,N,N,Y,N,N,N,N,N,N,N,N,N,N,N,N,N,N,N,N,N,N,N,N,N,26.456776692,-80.089453031,590772.442728,2926591.937867,R,,ARBM15Q1R2,"February 27, 2022",861544,-8915517.426443493,3055766.173905372
2014838135510,2014,838135510,FHPL14OFF043728,FLORIDA HIGHWAY PATROL,04 FOURTH,PALM BEACH,"July 18, 2014",1741,SATURDAY,9394 WEST PALM BEACH,0694,N,I 95,PALM BEACH LAKES BLVD,0.17,N,26.71937,-80.0892099,26.4738726,-80.0879826,93220000,10.794,05030,SR 9,I 95,R RIGHT,3 THRU LANE 3,N NORTH,01 INTERSTATE URBAN,01 INTERSTATE,01 NON-JUNCTION,01 ON ROADWAY,01 NOT AT INTERSECTION,01 PAVED,33,"September 8, 2013",11 URBAN PRIN ART INT.,64,PAVED WARN,10,LAWN,12,,0,32,186390,RCI,6.2,,65,1 NO INJURY,31 Q/C COMPLETED - LOC VERIFIED,0 NO,01 NOT AT INTERSECTION/RRX/BRIDGE,01 DAYLIGHT,01 CLEAR,01 DRY,01 LEVEL,1 STRAIGHT,"TWO-WAY, DIVIDED, POSITIVE MED","TWO-WAY, DIVIDED, POSITIVE MED",NO CONTROLS,NO CONTROLS,7,NONE,NOT CODED,NOT CODED,NONE,NOT CODED,NOT CODED,14 MOTOR VEHICLE IN TRANSPORT,"04 SIDESWIPE, SAME DIRECTION",06 CHANGING LANES,NOT CODED,NO CONTRIBUTING ACTION,00 NOT CODED,00 NOT CODED,00 NOT CODED,00 NOT CODED,01 NO,0,0,0,0,1,0,2,1,N,N,N,N,Y,N,N,N,N,N,N,N,N,N,N,N,N,N,N,N,N,N,N,N,N,N,26.4735166,-80.088138617,590890.331934,2928446.967943,R,,ARBM15Q1R2,"February 27, 2022",861545,-8915371.106563274,3057847.79457654
2014838091460,2014,838091460,FHPL14OFF049769,FLORIDA HIGHWAY PATROL,04 FOURTH,PALM BEACH,"August 13, 2014",1719,THURSDAY,9394 WEST PALM BEACH,0694,N,SR 9,PALM BEACH LAKES BLVD,0.047,N,26.71937,-80.0892099,26.4721734,-80.0885981,93220000,10.671,05030,SR 9,I 95,L LEFT,3 THRU LANE 3,S SOUTH,01 INTERSTATE URBAN,01 INTERSTATE,01 NON-JUNCTION,01 ON ROADWAY,01 NOT AT INTERSECTION,01 PAVED,33,"September 8, 2013",11 URBAN PRIN ART INT.,64,PAVED WARN,8,VALLEY GUTR,3,,0,32,186390,RCI,6.2,,65,1 NO INJURY,31 Q/C COMPLETED - LOC VERIFIED,0 NO,01 NOT AT INTERSECTION/RRX/BRIDGE,01 DAYLIGHT,03 RAIN,02 WET,01 LEVEL,1 STRAIGHT,"TWO-WAY, DIVIDED, POSITIVE MED","TWO-WAY, DIVIDED, POSITIVE MED",NO CONTROLS,NO CONTROLS,7,NONE,NOT CODED,NOT CODED,NONE,NOT CODED,NOT CODED,14 MOTOR VEHICLE IN TRANSPORT,"04 SIDESWIPE, SAME DIRECTION",01 STRAIGHT AHEAD,OPERATED MV IN CARLESS OR NEGL,NO CONTRIBUTING ACTION,00 NOT CODED,00 NOT CODED,00 NOT CODED,00 NOT CODED,01 NO,0,0,0,0,2,0,2,2,N,N,N,N,Y,N,N,N,N,N,N,N,N,N,N,N,N,N,N,N,N,N,N,N,N,N,26.471789858,-80.089048839,590800.956005,2928255.071464,L,,ARBM15Q1R2,"February 27, 2022",862514,-8915472.431953708,3057633.058895255
2014837911720,2014,837911720,FHPK14OFF041897,FLORIDA HIGHWAY PATROL,08 TURNPIKE,PALM BEACH,"August 3, 2014",1522,MONDAY,9394 WEST PALM BEACH,0694,N,SR 91,MM 104,0,,26.7765201,-80.1329107,26.7644155,-80.1335752,93470000,30.812,01484,SR 91,,L LEFT,1 THRU LANE 1,S SOUTH,03 TOLL ROAD URBAN,06 TURNPIKE/TOLL,01 NON-JUNCTION,01 ON ROADWAY,01 NOT AT INTERSECTION,01 PAVED,33,"June 4, 2014",12 URBAN PRIN ART EXPR.,24,PAVED WARN,10,LAWN,12,,0,20,56000,RCI,12.6,,70,3 NO-INCAPACITATING INJURY,31 Q/C COMPLETED - LOC VERIFIED,0 NO,01 NOT AT INTERSECTION/RRX/BRIDGE,01 DAYLIGHT,03 RAIN,02 WET,01 LEVEL,1 STRAIGHT,"TWO-WAY, DIVIDED, POSITIVE MED","TWO-WAY, DIVIDED, POSITIVE MED",NO CONTROLS,NO CONTROLS,4,NONE,NOT CODED,NOT CODED,NONE,NOT CODED,NOT CODED,14 MOTOR VEHICLE IN TRANSPORT,01 FRONT TO REAR,14 SLOWING,OTHER CONTRIBUTING ACTION,NO CONTRIBUTING ACTION,00 NOT CODED,00 NOT CODED,00 NOT CODED,00 NOT CODED,01 NO,2,0,0,0,2,0,2,2,N,N,N,N,N,N,N,N,N,N,N,N,N,N,N,N,N,N,N,N,N,N,N,N,N,N,26.764202855,-80.133720987,586128.539452,2960612.196958,L,,ARBM15Q1R2,"February 27, 2022",863702,-8920445.315070633,3094043.388861885
2014838109420,2014,838109420,FHPL14OFF072871,FLORIDA HIGHWAY PATROL,04 FOURTH,PALM BEACH,"November 20, 2014",2150,FRIDAY,9394 WEST PALM BEACH,0694,N,I 95,PALM BEACH LAKES BLVD,1,N,26.71937,-80.0892099,26.73104,-80.091024,93220000,29.294,01187,SR 9,I 95,L LEFT,3 THRU LANE 3,S SOUTH,01 INTERSTATE URBAN,01 INTERSTATE,01 NON-JUNCTION,01 ON ROADWAY,01 NOT AT INTERSECTION,01 PAVED,32,"September 8, 2013",11 URBAN PRIN ART INT.,78,PAVED WARN,11,LAWN,12,,0,32,201000,RCI,7.5,,65,1 NO INJURY,31 Q/C COMPLETED - LOC VERIFIED,0 NO,01 NOT AT INTERSECTION/RRX/BRIDGE,04 DARK-LIGHTED,03 RAIN,02 WET,01 LEVEL,1 STRAIGHT,"TWO-WAY, DIVIDED, POSITIVE MED","TWO-WAY, DIVIDED, POSITIVE MED",NO CONTROLS,NO CONTROLS,11,"RD SURFC (WET, ICY, SNOW, ETC)",NOT CODED,NOT CODED,WEATHER CONDITIONS,NOT CODED,NOT CODED,14 MOTOR VEHICLE IN TRANSPORT,01 FRONT TO REAR,01 STRAIGHT AHEAD,OPERATED MV IN CARLESS OR NEGL,NO CONTRIBUTING ACTION,00 NOT CODED,00 NOT CODED,00 NOT CODED,00 NOT CODED,01 NO,0,0,0,0,2,0,2,2,N,N,N,N,N,N,N,N,N,N,Y,N,N,N,N,N,N,N,N,N,N,N,N,N,N,N,26.730835689,-80.091337745,590369.020382,2956945.726236,L,,ARBM15Q1R2,"February 27, 2022",863925,-8915727.232687514,3089883.8999373866
2014838156440,2014,838156440,FHPL14OFF047470,FLORIDA HIGHWAY PATROL,04 FOURTH,PALM BEACH,"August 3, 2014",1700,MONDAY,9394 WEST PALM BEACH,0694,N,I 95,PALM BEACH LAKES BLVD,0.5,S,26.7060199,-80.07304,26.7140429,-80.0834831,93220000,27.935,06137,SR 9,I 95,R RIGHT,1 THRU LANE 1,N NORTH,01 INTERSTATE URBAN,01 INTERSTATE,01 NON-JUNCTION,01 ON ROADWAY,01 NOT AT INTERSECTION,01 PAVED,32,"September 8, 2013",11 URBAN PRIN ART INT.,64,PAVED,11,,0,,0,32,187075,RCI,6.6,,65,3 NO-INCAPACITATING INJURY,31 Q/C COMPLETED - LOC VERIFIED,0 NO,01 NOT AT INTERSECTION/RRX/BRIDGE,01 DAYLIGHT,03 RAIN,02 WET,01 LEVEL,1 STRAIGHT,"TWO-WAY, DIVIDED, POSITIVE MED","TWO-WAY, DIVIDED, POSITIVE MED",NO CONTROLS,NO CONTROLS,7,NONE,NOT CODED,NOT CODED,NONE,NOT CODED,NOT CODED,14 MOTOR VEHICLE IN TRANSPORT,01 FRONT TO REAR,01 STRAIGHT AHEAD,FAILED TO KEEP IN PROPER LANE,OPERATED MV IN CARLESS OR NEGL,00 NOT CODED,00 NOT CODED,00 NOT CODED,00 NOT CODED,01 NO,2,0,0,0,2,0,2,2,N,N,N,N,Y,N,N,N,N,N,N,N,N,N,N,N,N,N,N,N,N,N,N,N,N,N,26.713936031,-80.083312456,591180.666617,2955079.58276,R,,ARBM15Q1R2,"February 27, 2022",864163,-8914833.861314407,3087777.685432403
2014838080210,2014,838080210,FHPL14OFF037079,FLORIDA HIGHWAY PATROL,04 FOURTH,PALM BEACH,"June 18, 2014",1725,THURSDAY,9394 WEST PALM BEACH,0694,N,SR 80,SR 807,0.095,W,26.6760699,-80.06789,26.6768426,-80.0849107,93120000,19.011,03395,SR 80,US 98,L LEFT,1 THRU LANE 1,W WEST,30 URBAN 6+LN 2WY DIVD RASD,03 STATE,01 NON-JUNCTION,02 OFF ROADWAY,01 NOT AT INTERSECTION,03 CURB,44,"June 26, 2012",14 URBAN PRIN ART OTHER,48,PAVED,4,CURB&GUTTER,2,,0,118,49000,RCI,6.9,2D0000,45,1 NO INJURY,31 Q/C COMPLETED - LOC VERIFIED,0 NO,01 NOT AT INTERSECTION/RRX/BRIDGE,01 DAYLIGHT,03 RAIN,02 WET,01 LEVEL,1 STRAIGHT,"TWO-WAY, DIVIDED, POSITIVE MED",,NO CONTROLS,NOT CODED,8,"RD SURFC (WET, ICY, SNOW, ETC)",NOT CODED,NOT CODED,NONE,NOT CODED,NOT CODED,30 CONCRETE TRAFFIC BARRIER,77 OTHER (SEE NARRATIVE),01 STRAIGHT AHEAD,NO CONTRIBUTING ACTION,NOT CODED,00 NOT CODED,00 NOT CODED,00 NOT CODED,00 NOT CODED,01 NO,0,0,0,0,1,0,1,1,N,N,N,N,Y,N,N,N,N,N,N,N,N,N,N,N,N,N,N,N,N,N,N,N,N,N,26.677153029,-80.085009518,591041.087504,2951004.177238,L,,ARBM15Q1R2,"February 27, 2022",864247,-8915022.777342586,3083194.4781047762
2014837965380,2014,837965380,FHPL14OFF036435,FLORIDA HIGHWAY PATROL,04 FOURTH,PALM BEACH,"June 15, 2014",1945,MONDAY,9394 WEST PALM BEACH,0694,N,SR 9,SR 702,1,S,26.7589399,-80.0913,26.7417939,-80.090434,93220000,30.035,01220,SR 9,I 95,R RIGHT,1 THRU LANE 1,N NORTH,01 INTERSTATE URBAN,01 INTERSTATE,01 NON-JUNCTION,01 ON ROADWAY,01 NOT AT INTERSECTION,01 PAVED,31,"September 8, 2013",11 URBAN PRIN ART INT.,78,PAVED WARN,11,LAWN,12,,0,32,201000,RCI,7.5,,65,3 NO-INCAPACITATING INJURY,31 Q/C COMPLETED - LOC VERIFIED,0 NO,01 NOT AT INTERSECTION/RRX/BRIDGE,01 DAYLIGHT,01 CLEAR,01 DRY,01 LEVEL,1 STRAIGHT,"TWO-WAY, DIVIDED, POSITIVE MED",,NO CONTROLS,NOT CODED,11,DEBRIS,NOT CODED,NOT CODED,NONE,NOT CODED,NOT CODED,18 OTHER NON-FIXED OBJECT,77 OTHER (SEE NARRATIVE),01 STRAIGHT AHEAD,NO CONTRIBUTING ACTION,NOT CODED,00 NOT CODED,00 NOT CODED,00 NOT CODED,00 NOT CODED,01 NO,1,0,0,0,1,0,1,2,N,N,N,N,N,N,N,N,N,N,N,N,N,N,N,N,N,N,N,N,N,N,N,N,N,N,26.741638391,-80.090467305,590447.046523,2958142.888408,R,,ARBM15Q1R2,"February 27, 2022",864375,-8915630.33574142,3091230.4110315237
2014837967080,2014,837967080,FHPL14OFF057745,FLORIDA HIGHWAY PATROL,04 FOURTH,PALM BEACH,"September 17, 2014",0909,THURSDAY,9394 WEST PALM BEACH,0694,N,I 95,LANTANA RD,0.019,S,26.5874709,-80.0692284,26.5869203,-80.0689444,93220000,18.783,02202,SR 9,I 95,L LEFT,4 THRU LANE 4,S SOUTH,01 INTERSTATE URBAN,01 INTERSTATE,01 NON-JUNCTION,01 ON ROADWAY,01 NOT AT INTERSECTION,01 PAVED,31,"September 8, 2013",11 URBAN PRIN ART INT.,64,PAVED WARN,10,LAWN,0,,0,32,221000,RCI,7.5,0D1400,65,1 NO INJURY,31 Q/C COMPLETED - LOC VERIFIED,0 NO,01 NOT AT INTERSECTION/RRX/BRIDGE,01 DAYLIGHT,01 CLEAR,01 DRY,01 LEVEL,1 STRAIGHT,"TWO-WAY, DIVIDED, POSITIVE MED","TWO-WAY, DIVIDED, POSITIVE MED",NO CONTROLS,NO CONTROLS,10,NONE,NOT CODED,NOT CODED,NONE,NOT CODED,NOT CODED,14 MOTOR VEHICLE IN TRANSPORT,"04 SIDESWIPE, SAME DIRECTION",06 CHANGING LANES,OTHER CONTRIBUTING ACTION,NO CONTRIBUTING ACTION,00 NOT CODED,00 NOT CODED,00 NOT CODED,00 NOT CODED,01 NO,0,0,0,0,2,0,2,5,N,N,Y,N,Y,N,N,N,N,N,N,N,N,N,N,N,Y,N,N,N,N,N,N,N,N,N,26.586560981,-80.069227052,592684.592023,2940981.356642,L,,ARBM15Q1R2,"February 27, 2022",864507,-8913265.88048673,3071912.89494045
2014838179350,2014,838179350,FHPL14OFF066053,FLORIDA HIGHWAY PATROL,04 FOURTH,PALM BEACH,"October 22, 2014",0810,THURSDAY,9394 WEST PALM BEACH,0694,Y,I 95,BELVEDERE RD,0.076,S,26.69055,-80.06855,26.6893464,-80.0666147,93220000,25.9,04925,SR 9,I 95,R RIGHT,2 THRU LANE 2,N NORTH,01 INTERSTATE URBAN,01 INTERSTATE,01 NON-JUNCTION,01 ON ROADWAY,01 NOT AT INTERSECTION,01 PAVED,32,"September 8, 2013",11 URBAN PRIN ART INT.,64,PAVED WARN,10,,0,,0,32,205500,RCI,7.5,3D0000,65,3 NO-INCAPACITATING INJURY,31 Q/C COMPLETED - LOC VERIFIED,0 NO,01 NOT AT INTERSECTION/RRX/BRIDGE,01 DAYLIGHT,02 CLOUDY,02 WET,01 LEVEL,1 STRAIGHT,"TWO-WAY, DIVIDED, POSITIVE MED","TWO-WAY, DIVIDED, POSITIVE MED",NO CONTROLS,NO CONTROLS,10,NONE,NOT CODED,NOT CODED,NONE,NOT CODED,NOT CODED,14 MOTOR VEHICLE IN TRANSPORT,01 FRONT TO REAR,06 CHANGING LANES,NO CONTRIBUTING ACTION,NO CONTRIBUTING ACTION,00 NOT CODED,00 NOT CODED,00 NOT CODED,00 NOT CODED,01 NO,3,0,0,0,2,0,2,3,N,N,N,N,N,N,N,N,N,N,N,N,N,N,N,N,N,N,N,N,N,N,N,N,N,N,26.689139365,-80.066708574,592852.405836,2952345.008713,R,,ARBM15Q1R2,"February 27, 2022",864568,-8912985.525048938,3084687.8279646123
2014837967440,2014,837967440,FHPL14OFF052081,FLORIDA HIGHWAY PATROL,04 FOURTH,PALM BEACH,"August 23, 2014",1502,SUNDAY,9394 WEST PALM BEACH,0694,Y,I 95,SOUTHERN BLVD,0.114,N,26.6180934,-80.105165,26.6773024,-80.0694857,93220000,25.038,05229,SR 9,I 95,R RIGHT,3 THRU LANE 3,N NORTH,01 INTERSTATE URBAN,01 INTERSTATE,01 NON-JUNCTION,01 ON ROADWAY,01 NOT AT INTERSECTION,01 PAVED,32,"September 8, 2013",11 URBAN PRIN ART INT.,64,PAVED WARN,11,VALLEY GUTR,3,LAWN,12,32,181000,RCI,7.5,,65,1 NO INJURY,31 Q/C COMPLETED - LOC VERIFIED,2 DRG,01 NOT AT INTERSECTION/RRX/BRIDGE,01 DAYLIGHT,01 CLEAR,01 DRY,01 LEVEL,3 CURVE LEFT,"TWO-WAY, DIVIDED, POSITIVE MED","TWO-WAY, DIVIDED, POSITIVE MED",NO CONTROLS,NO CONTROLS,10,NONE,NOT CODED,NOT CODED,NONE,NOT CODED,NOT CODED,14 MOTOR VEHICLE IN TRANSPORT,"04 SIDESWIPE, SAME DIRECTION",01 STRAIGHT AHEAD,OPERATED MV IN CARLESS OR NEGL,NO CONTRIBUTING ACTION,00 NOT CODED,00 NOT CODED,00 NOT CODED,00 NOT CODED,01 NO,0,0,0,0,2,0,2,4,N,N,N,N,Y,N,N,N,N,N,N,N,N,N,N,N,N,N,N,N,N,N,N,N,N,N,26.677071597,-80.069526771,592581.759497,2951006.297832,R,,ARBM15Q1R2,"February 27, 2022",864610,-8913299.245275522,3083184.333317987
2014838156580,2014,838156580,FHPL14OFF050000,FLORIDA HIGHWAY PATROL,04 FOURTH,PALM BEACH,"August 14, 2014",1454,FRIDAY,9394 WEST PALM BEACH,0694,N,I 95,SOUTHERN BLVD,0.2,S,26.6760699,-80.06789,26.6724366,-80.0699565,93220000,24.701,04887,SR 9,I 95,R RIGHT,5 THRU LANE 5,N NORTH,01 INTERSTATE URBAN,01 INTERSTATE,01 NON-JUNCTION,01 ON ROADWAY,01 NOT AT INTERSECTION,01 PAVED,32,"September 8, 2013",11 URBAN PRIN ART INT.,78,PAVED WARN,11,LAWN,12,,0,32,201000,RCI,7.5,,65,2 POSSIBLE INJURY,31 Q/C COMPLETED - LOC VERIFIED,0 NO,01 NOT AT INTERSECTION/RRX/BRIDGE,01 DAYLIGHT,03 RAIN,02 WET,01 LEVEL,1 STRAIGHT,"TWO-WAY, DIVIDED, POSITIVE MED","TWO-WAY, DIVIDED, POSITIVE MED",NO CONTROLS,NO CONTROLS,10,NONE,NOT CODED,NOT CODED,NONE,NOT CODED,NOT CODED,14 MOTOR VEHICLE IN TRANSPORT,03 ANGLE,01 STRAIGHT AHEAD,OTHER CONTRIBUTING ACTION,NO CONTRIBUTING ACTION,00 NOT CODED,00 NOT CODED,00 NOT CODED,00 NOT CODED,01 NO,3,0,0,0,2,0,2,4,N,N,N,N,N,N,N,N,N,N,N,N,N,N,N,N,N,N,N,N,N,Y,N,N,N,Y,26.672202502,-80.07002069,592536.542175,2950466.624613,R,,ARBM15Q1R2,"February 27, 2022",864684,-8913354.228134895,3082577.7494126237