Crash Id,Calendar Year,FDOT Crash Number,Reporting Agency Case Number,Reporting Agency Type,FDOT Managing District,County Name,Crash Date,Crash Time,Day,DHSMV City,Crash Report City Code,In Town,On Roadway Name,Int Roadway Name,Reference Distance (Miles),Reference Direction,Officer Latitude,Officer Longitude,FDOT Latitude,FDOT Longitude,FDOT Roadway,Nearest Inventory MP,Nearest Node From Crash,State Road #,US Highway,Crash Side of Road,Accident Lane Number,Travel Direction Vehicle 1,FDOT Road Category,DHSMV Road System Id,Relation to Junction,Crash Harmful Event Location,Intersection Type,Shoulder Type,FDOT Roadway SKID Test Result,FDOT Roadway SKID Test Date,Functional Class,RCI Surface Width,RCI Shoulder Type First,RCI Shoulder Width First,RCI Shoulder Type Second,RCI Shoulder Width Second,RCI Shoulder Type Third,RCI Shoulder Width Third,RCI Median Width,Avg Daily Traffic,AADT Source,RCI Avg Per Truck Traffic,RCI Horiz Curve Condition,Posted Speed Limit,Highest Injury in Crash,CAR Status Code,Alcohols/Drug Involved,Site Location,Lighting,Weather,Road Surface,Roadway Grade,Roadway Alignment,Traffic Way Vehicle 1,Traffic Way Vehicle 2,Traffic Control Vehicle 1,Traffic Control Vehicle 2,Count of Lanes,Road Condition 1,Road Condition 2,Road Condition 3,Environment Condition 1,Environment Condition 2,Environment Condition 3,Crash Harmful Event,Manner of Collision,Vehicle Movement,Driver Action Vehicle 1,Driver Action Vehicle 2,Location Within Workzone,Type of Workzone,Workers Present in Workzone,Law Enforcement Present in Workzone,School Bus Related,Count of Nonfatal Injuries,Count of Traffic Fatalities,Count of Serious Injuries,Count of Pedestrians,Count of Drivers,Count of Bicyclists,Count of Vehicles,Count of Persons,Wrong Way,Workzone Inv,Commercial Vehicle Inv,Intersection Inv,Lane Departure,Speeding,Agressive Driving,Impaired Driver,Impaired Pedestrian,Impaired Bicyclist,Distracted Driver,Speeding or Aggressive Driving,Pedestrian Related,Bicyclist Related,Pedestrian or Bicyclist Related,Motorcycle Inv,No Belt,No Belt - Ages 1-4,No Belt - Ages 5-12,No Belt - Ages 13-17,Driver - Ages Teen,Driver - Ages 65 plus,Driver - Ages 65-69,Driver - Ages 70-74,Driver - Ages 75-79,Driver - Ages 80 plus,ARBM Latitude,ARBM Longitude,UTM Zone 17N X,UTM Zone 17N Y,ARBM Side of Road,Urban Rural Indicator,GIS Street Source,Extract Date,OBJECTID,x,y
2014848204200,2014,848204200,20140012085,CITY POLICE DEPARTMENT,04 FOURTH,PALM BEACH,"July 10, 2014",2212,FRIDAY,9394 WEST PALM BEACH,0694,Y,BANYAN BLVD,N DIXIE HWY,0.005,E,0,0,26.714406,-80.053433,93000132,0.782,,,,L LEFT,1 THRU LANE 1,W WEST,,05 LOCAL,01 NON-JUNCTION,01 ON ROADWAY,01 NOT AT INTERSECTION,03 CURB,0,"December 31, 2000",,,,0,,0,,0,,,RCI,0,,,1 NO INJURY,33 Q/C VERIFIED AS OFF-SYSTEM,1 ALC,01 NOT AT INTERSECTION/RRX/BRIDGE,04 DARK-LIGHTED,01 CLEAR,01 DRY,01 LEVEL,1 STRAIGHT,"TWO-WAY, NOT DIVIDED","TWO-WAY, NOT DIVIDED",TRAFFIC CONTROL SIGNAL,TRAFFIC CONTROL SIGNAL,,NONE,NOT CODED,NOT CODED,NONE,NOT CODED,NOT CODED,14 MOTOR VEHICLE IN TRANSPORT,01 FRONT TO REAR,01 STRAIGHT AHEAD,OPERATED MV IN CARLESS OR NEGL,NO CONTRIBUTING ACTION,00 NOT CODED,00 NOT CODED,00 NOT CODED,00 NOT CODED,01 NO,0,0,0,0,2,0,2,3,N,N,N,N,N,N,N,Y,N,N,N,N,N,N,N,N,N,N,N,N,N,N,N,N,N,N,26.714409101,-80.053432692,594152.504103,2955153.709153,C,U,ARBM15Q1R2,"February 27, 2022",2898906,-8911507.660248565,3087836.6403806563
2014848209390,2014,848209390,20140014292,CITY POLICE DEPARTMENT,04 FOURTH,PALM BEACH,"August 17, 2014",1134,MONDAY,9394 WEST PALM BEACH,0694,Y,SAPODILLA AVE,FERN ST,0.042,S,0,0,26.709899,-80.058753,93000299,0.278,,,,R RIGHT,S SIDE OF ROAD,0,,05 LOCAL,01 NON-JUNCTION,02 OFF ROADWAY,01 NOT AT INTERSECTION,03 CURB,0,"December 31, 2000",,,,0,,0,,0,,,RCI,0,,,1 NO INJURY,33 Q/C VERIFIED AS OFF-SYSTEM,0 NO,01 NOT AT INTERSECTION/RRX/BRIDGE,01 DAYLIGHT,01 CLEAR,01 DRY,01 LEVEL,1 STRAIGHT,UNKNOWN,,UNKNOWN,NOT CODED,,UNKNOWN,NOT CODED,NOT CODED,UNKNOWN,NOT CODED,NOT CODED,33 UTILITY POLE/LIGHT SUPPORT,03 ANGLE,88 UNKNOWN,OTHER CONTRIBUTING ACTION,NOT CODED,00 NOT CODED,00 NOT CODED,00 NOT CODED,00 NOT CODED,01 NO,0,0,0,0,1,0,1,1,N,N,N,N,Y,N,N,N,N,N,N,N,N,N,N,N,N,N,N,N,N,N,N,N,N,N,26.709898948,-80.058749961,593627.270428,2954650.230588,C,U,ARBM15Q1R2,"February 27, 2022",2898930,-8912099.576040123,3087274.587783893
2014848207000,2014,848207000,20140013303,CITY POLICE DEPARTMENT,04 FOURTH,PALM BEACH,"July 30, 2014",1608,THURSDAY,9394 WEST PALM BEACH,0694,Y,45TH ST,N CONGRESS AVE,0.005,W,0,0,26.758773,-80.086567,93510000,1.359,,,,R RIGHT,3 THRU LANE 3,U UNNWN,,05 LOCAL,03 INTERSECTION-RELATED,01 ON ROADWAY,01 NOT AT INTERSECTION,03 CURB,0,"December 31, 2000",,,,0,,0,,0,,,RCI,0,,,1 NO INJURY,33 Q/C VERIFIED AS OFF-SYSTEM,0 NO,03 INFLUENCED BY INTERSECTION,01 DAYLIGHT,03 RAIN,02 WET,01 LEVEL,1 STRAIGHT,UNKNOWN,"TWO-WAY, DIVIDED, POSITIVE MED",UNKNOWN,NO CONTROLS,,NONE,NOT CODED,NOT CODED,NONE,NOT CODED,NOT CODED,14 MOTOR VEHICLE IN TRANSPORT,01 FRONT TO REAR,88 UNKNOWN,OTHER CONTRIBUTING ACTION,NO CONTRIBUTING ACTION,00 NOT CODED,00 NOT CODED,00 NOT CODED,00 NOT CODED,01 NO,0,0,0,0,2,0,2,2,N,N,N,Y,N,N,N,N,N,N,N,N,N,N,N,N,N,N,N,N,N,N,N,N,N,N,26.758775063,-80.086567,590821.304289,2960043.786629,R,U,ARBM15Q1R2,"February 27, 2022",2899092,-8915196.155711513,3093366.6871687532
2014846492600,2014,846492600,20140009637,CITY POLICE DEPARTMENT,04 FOURTH,PALM BEACH,"June 1, 2014",0101,MONDAY,9394 WEST PALM BEACH,0694,Y,FOREST HILL BLVD,MARTIN AVE,0.009,W,0,0,26.654975,-80.05294,93016000,9.419,,,,R RIGHT,1 THRU LANE 1,E EAST,,03 STATE,01 NON-JUNCTION,01 ON ROADWAY,01 NOT AT INTERSECTION,01 PAVED,0,"December 31, 2000",,,,0,,0,,0,,,RCI,0,,,1 NO INJURY,33 Q/C VERIFIED AS OFF-SYSTEM,0 NO,02 AT INTERSECTION,04 DARK-LIGHTED,01 CLEAR,01 DRY,01 LEVEL,1 STRAIGHT,"TWO-WAY, NOT DIVIDED","TWO-WAY, NOT DIVIDED",NO CONTROLS,NO CONTROLS,,NONE,NOT CODED,NOT CODED,NONE,NOT CODED,NOT CODED,14 MOTOR VEHICLE IN TRANSPORT,01 FRONT TO REAR,01 STRAIGHT AHEAD,OPERATED MV IN CARLESS OR NEGL,NOT CODED,00 NOT CODED,00 NOT CODED,00 NOT CODED,00 NOT CODED,01 NO,0,0,0,0,1,0,2,1,N,N,N,Y,N,N,N,N,N,N,N,N,N,N,N,N,Y,N,N,N,N,N,N,N,N,N,26.654979051,-80.05293987,594250.394149,2948571.401667,C,U,ARBM15Q1R2,"February 27, 2022",2899137,-8911452.799327582,3080432.2876521186
2014846477550,2014,846477550,20140003757,CITY POLICE DEPARTMENT,04 FOURTH,PALM BEACH,"February 28, 2014",1953,SATURDAY,9394 WEST PALM BEACH,0694,Y,45TH ST,MILITARY TRL,0.136,W,0,0,26.75975,-80.110845,93578000,0.356,,SR 809,,R RIGHT,2 THRU LANE 2,U UNNWN,,05 LOCAL,02 INTERSECTION,01 ON ROADWAY,03 T-INTERSECTION,01 PAVED,0,"December 31, 2000",,,,0,,0,,0,,,RCI,0,,,2 POSSIBLE INJURY,33 Q/C VERIFIED AS OFF-SYSTEM,0 NO,02 AT INTERSECTION,04 DARK-LIGHTED,01 CLEAR,01 DRY,01 LEVEL,1 STRAIGHT,"TWO-WAY, DIVIDED, UNPROTECTED","TWO-WAY, DIVIDED, UNPROTECTED",STOP SIGN,NO CONTROLS,,NONE,NOT CODED,NOT CODED,NONE,NOT CODED,NOT CODED,14 MOTOR VEHICLE IN TRANSPORT,03 ANGLE,03 TURNING LEFT,FAILED TO YIELD RIGHT-OF-WAY,NO CONTRIBUTING ACTION,00 NOT CODED,00 NOT CODED,00 NOT CODED,00 NOT CODED,01 NO,1,0,0,0,2,0,2,5,N,N,N,Y,N,N,N,N,N,N,N,N,N,N,N,N,N,N,N,N,N,Y,Y,N,N,N,26.759754053,-80.110844775,588406.525373,2960135.124371,R,U,ARBM15Q1R2,"February 27, 2022",2899161,-8917898.746013844,3093488.7389356256
2014846483540,2014,846483540,20140006127,CITY POLICE DEPARTMENT,04 FOURTH,PALM BEACH,"April 6, 2014",0752,MONDAY,9394 WEST PALM BEACH,0694,Y,45TH ST,,0.019,W,0,0,26.758906,-80.090545,93510000,1.113,,,,R RIGHT,2 THRU LANE 2,E EAST,,05 LOCAL,01 NON-JUNCTION,01 ON ROADWAY,01 NOT AT INTERSECTION,03 CURB,0,"December 31, 2000",,,,0,,0,,0,,,RCI,0,,,2 POSSIBLE INJURY,33 Q/C VERIFIED AS OFF-SYSTEM,0 NO,01 NOT AT INTERSECTION/RRX/BRIDGE,01 DAYLIGHT,01 CLEAR,01 DRY,01 LEVEL,1 STRAIGHT,"TWO-WAY, DIVIDED, POSITIVE MED","TWO-WAY, DIVIDED, POSITIVE MED",NO CONTROLS,NO CONTROLS,,NONE,NOT CODED,NOT CODED,NONE,NOT CODED,NOT CODED,14 MOTOR VEHICLE IN TRANSPORT,01 FRONT TO REAR,01 STRAIGHT AHEAD,NO CONTRIBUTING ACTION,NO CONTRIBUTING ACTION,00 NOT CODED,00 NOT CODED,00 NOT CODED,00 NOT CODED,01 NO,1,0,0,0,4,0,4,4,N,N,N,N,N,N,N,N,N,N,N,N,N,N,N,N,N,N,N,N,N,Y,Y,N,N,N,26.758903612,-80.090545082,590425.647693,2960055.191936,R,U,ARBM15Q1R2,"February 27, 2022",2899189,-8915638.993943572,3093382.713449401
2014846493800,2014,846493800,20140010213,CITY POLICE DEPARTMENT,04 FOURTH,PALM BEACH,"June 9, 2014",1708,TUESDAY,9394 WEST PALM BEACH,0694,Y,FERN ST,S SAPODILLA AVE,0.014,W,0,0,26.710509,-80.058968,93A05590,0.188,,,,L LEFT,P PARKING,W WEST,,05 LOCAL,01 NON-JUNCTION,01 ON ROADWAY,01 NOT AT INTERSECTION,03 CURB,0,"December 31, 2000",,,,0,,0,,0,,,RCI,0,,,1 NO INJURY,33 Q/C VERIFIED AS OFF-SYSTEM,0 NO,01 NOT AT INTERSECTION/RRX/BRIDGE,01 DAYLIGHT,03 RAIN,02 WET,01 LEVEL,1 STRAIGHT,"TWO-WAY, NOT DIVIDED","TWO-WAY, NOT DIVIDED",NO CONTROLS,NO CONTROLS,,NONE,NOT CODED,NOT CODED,NONE,NOT CODED,NOT CODED,15 PARKED MOTOR VEHICLE,03 ANGLE,01 STRAIGHT AHEAD,OPERATED MV IN CARLESS OR NEGL,NOT CODED,00 NOT CODED,00 NOT CODED,00 NOT CODED,00 NOT CODED,01 NO,0,0,0,0,1,0,2,1,N,N,N,N,Y,N,Y,N,N,N,Y,Y,N,N,N,N,N,N,N,N,N,Y,N,N,Y,N,26.710509309,-80.058967993,593605.082193,2954717.676133,C,U,ARBM15Q1R2,"February 27, 2022",2899190,-8912123.847255617,3087350.6491310163
2014846483930,2014,846483930,20140006265,CITY POLICE DEPARTMENT,04 FOURTH,PALM BEACH,"April 7, 2014",0330,TUESDAY,9394 WEST PALM BEACH,0694,Y,N CONGRESS AVE,45TH ST,0.014,N,0,0,26.759161,-80.086237,93250500,5.01,,,,R RIGHT,2 THRU LANE 2,U UNNWN,,04 COUNTY,01 NON-JUNCTION,01 ON ROADWAY,01 NOT AT INTERSECTION,03 CURB,0,"December 31, 2000",,,,0,,0,,0,,,RCI,0,,,1 NO INJURY,33 Q/C VERIFIED AS OFF-SYSTEM,0 NO,01 NOT AT INTERSECTION/RRX/BRIDGE,01 DAYLIGHT,02 CLOUDY,01 DRY,01 LEVEL,1 STRAIGHT,UNKNOWN,"TWO-WAY, DIVIDED, POSITIVE MED",UNKNOWN,OTHER (SEE NARRATIVE),,NONE,NOT CODED,NOT CODED,NONE,NOT CODED,NOT CODED,14 MOTOR VEHICLE IN TRANSPORT,"04 SIDESWIPE, SAME DIRECTION",88 UNKNOWN,OTHER CONTRIBUTING ACTION,NO CONTRIBUTING ACTION,00 NOT CODED,00 NOT CODED,00 NOT CODED,00 NOT CODED,01 NO,0,0,0,0,2,0,2,2,N,N,N,N,Y,N,N,N,N,N,N,N,N,N,N,N,N,N,N,N,N,N,N,N,N,N,26.75916119,-80.086239782,590853.533665,2960086.789234,R,U,ARBM15Q1R2,"February 27, 2022",2899206,-8915159.729883032,3093414.825983622
2014848204220,2014,848204220,20140012090,CITY POLICE DEPARTMENT,04 FOURTH,PALM BEACH,"July 11, 2014",0015,SATURDAY,9394 WEST PALM BEACH,0694,Y,S OLIVE AVE,GRAY ST,0.009,N,0,0,26.656793,-80.051845,93020000,4.475,,,,L LEFT,1 THRU LANE 1,N NORTH,,02 U.S.,01 NON-JUNCTION,01 ON ROADWAY,01 NOT AT INTERSECTION,03 CURB,0,"December 31, 2000",,,,0,,0,,0,,,RCI,0,,,4 INCAPACITATING INJURY,33 Q/C VERIFIED AS OFF-SYSTEM,0 NO,01 NOT AT INTERSECTION/RRX/BRIDGE,04 DARK-LIGHTED,01 CLEAR,01 DRY,01 LEVEL,1 STRAIGHT,"TWO-WAY, NOT DIVIDED","TWO-WAY, NOT DIVIDED",NO CONTROLS,NO CONTROLS,,NONE,NOT CODED,NOT CODED,NONE,NOT CODED,NOT CODED,24 CURB,77 OTHER (SEE NARRATIVE),15 NEGOTIATING A CURVE,RAN OFF ROADWAY,NO CONTRIBUTING ACTION,00 NOT CODED,00 NOT CODED,00 NOT CODED,00 NOT CODED,01 NO,1,0,1,0,2,0,2,2,N,N,N,N,Y,N,N,N,N,N,N,N,N,N,N,Y,N,N,N,N,N,Y,N,N,Y,N,26.656792993,-80.051844579,594357.910474,2948773.128091,C,U,ARBM15Q1R2,"February 27, 2022",2899380,-8911330.872033656,3080658.2284460324
2014849997460,2014,849997460,20140019439,COUNTY SHERIFF'S OFFICE,04 FOURTH,PALM BEACH,"November 14, 2014",2119,SATURDAY,9394 WEST PALM BEACH,0694,Y,PALM BEACH LAKES BLVD,,0,E,0,0,26.721227,-80.087723,93014500,1.288,,,,I INTERSECTION,M MIDDLE,S SOUTH,,05 LOCAL,02 INTERSECTION,01 ON ROADWAY,02 FOUR-WAY INTERSECTION,03 CURB,0,"December 31, 2000",,,,0,,0,,0,,,RCI,0,,,1 NO INJURY,33 Q/C VERIFIED AS OFF-SYSTEM,0 NO,02 AT INTERSECTION,04 DARK-LIGHTED,01 CLEAR,01 DRY,01 LEVEL,1 STRAIGHT,"TWO-WAY, NOT DIVIDED","TWO-WAY, DIVIDED, POSITIVE MED",TRAFFIC CONTROL SIGNAL,TRAFFIC CONTROL SIGNAL,,NONE,NOT CODED,NOT CODED,NONE,NOT CODED,NOT CODED,14 MOTOR VEHICLE IN TRANSPORT,03 ANGLE,01 STRAIGHT AHEAD,RAN RED LIGHT,NO CONTRIBUTING ACTION,00 NOT CODED,00 NOT CODED,00 NOT CODED,00 NOT CODED,01 NO,0,0,0,0,2,0,2,6,N,N,N,Y,N,N,N,N,N,N,Y,N,N,N,N,N,N,N,N,N,N,N,N,N,N,N,26.721228179,-80.087724805,590735.976351,2955884.135095,L,U,ARBM15Q1R2,"February 27, 2022",2899645,-8915325.041805254,3088686.471914705
2014846476450,2014,846476450,20140003392,CITY POLICE DEPARTMENT,04 FOURTH,PALM BEACH,"February 23, 2014",1030,MONDAY,9394 WEST PALM BEACH,0694,Y,45TH ST,CORPORATE WAY,0.002,W,0,0,26.758844,-80.088707,93510000,1.227,,,,R RIGHT,1 THRU LANE 1,0,,77 ALL OTHER,88 UNKNOWN,88 UNKNOWN,77 OTHER (SEE NARRATIVE),01 PAVED,0,"December 31, 2000",,,,0,,0,,0,,,RCI,0,,,1 NO INJURY,33 Q/C VERIFIED AS OFF-SYSTEM,0 NO,77 ALL OTHER,88 UNKNOWN,77 OTHER (SEE NARRATIVE),88 UNKNOWN,01 LEVEL,1 STRAIGHT,UNKNOWN,UNKNOWN,UNKNOWN,UNKNOWN,,UNKNOWN,NOT CODED,NOT CODED,UNKNOWN,NOT CODED,NOT CODED,14 MOTOR VEHICLE IN TRANSPORT,88 UNKNOWN,88 UNKNOWN,OTHER CONTRIBUTING ACTION,OTHER CONTRIBUTING ACTION,00 NOT CODED,00 NOT CODED,00 NOT CODED,00 NOT CODED,01 NO,0,0,0,0,2,0,2,2,N,N,N,N,N,N,N,N,N,N,N,N,N,N,N,N,N,N,N,N,N,N,N,N,N,N,26.758846119,-80.088706906,590608.469442,2960050.131464,R,U,ARBM15Q1R2,"February 27, 2022",2899738,-8915434.36909526,3093375.545861649
2014846493940,2014,846493940,20140010276,CITY POLICE DEPARTMENT,04 FOURTH,PALM BEACH,"June 10, 2014",1811,WEDNESDAY,9394 WEST PALM BEACH,0694,Y,PALM BEACH LAKES BLVD,VILLAGE BLVD,0.006,E,0,0,26.711768,-80.096033,93014500,0.451,,,,L LEFT,1 THRU LANE 1,W WEST,,05 LOCAL,01 NON-JUNCTION,01 ON ROADWAY,01 NOT AT INTERSECTION,03 CURB,0,"December 31, 2000",,,,0,,0,,0,,,RCI,0,,,3 NO-INCAPACITATING INJURY,33 Q/C VERIFIED AS OFF-SYSTEM,0 NO,01 NOT AT INTERSECTION/RRX/BRIDGE,01 DAYLIGHT,02 CLOUDY,01 DRY,01 LEVEL,1 STRAIGHT,"TWO-WAY, DIVIDED, POSITIVE MED","TWO-WAY, DIVIDED, POSITIVE MED",NO CONTROLS,NO CONTROLS,,NONE,NOT CODED,NOT CODED,NONE,NOT CODED,NOT CODED,14 MOTOR VEHICLE IN TRANSPORT,01 FRONT TO REAR,01 STRAIGHT AHEAD,OPERATED MV IN CARLESS OR NEGL,NO CONTRIBUTING ACTION,00 NOT CODED,00 NOT CODED,00 NOT CODED,00 NOT CODED,01 NO,1,0,0,0,2,0,2,2,N,N,Y,N,N,N,N,N,N,N,N,N,N,N,N,N,N,N,N,N,N,N,N,N,N,N,26.711767789,-80.0960327,589917.055038,2954830.383793,L,U,ARBM15Q1R2,"February 27, 2022",2899755,-8916249.87282618,3087507.478722247
2014848209180,2014,848209180,20140014214,CITY POLICE DEPARTMENT,04 FOURTH,PALM BEACH,"August 15, 2014",1946,SATURDAY,9394 WEST PALM BEACH,0694,Y,ROEBUCK RD,N JOG RD,0,E,0,0,26.736549,-80.136,93000235,0,,,,L LEFT,S SIDE OF ROAD,U UNNWN,,77 ALL OTHER,01 NON-JUNCTION,01 ON ROADWAY,77 OTHER (SEE NARRATIVE),01 PAVED,0,"December 31, 2000",,,,0,,0,,0,,,RCI,0,,,1 NO INJURY,33 Q/C VERIFIED AS OFF-SYSTEM,0 NO,01 NOT AT INTERSECTION/RRX/BRIDGE,04 DARK-LIGHTED,02 CLOUDY,02 WET,02 HILLCREST,3 CURVE LEFT,"TWO-WAY, DIVIDED, UNPROTECTED",,NO CONTROLS,NOT CODED,,NONE,NOT CODED,NOT CODED,WEATHER CONDITIONS,NOT CODED,NOT CODED,27 GUARDRAIL FACE,03 ANGLE,03 TURNING LEFT,NO CONTRIBUTING ACTION,NOT CODED,00 NOT CODED,00 NOT CODED,00 NOT CODED,00 NOT CODED,01 NO,0,0,0,0,1,0,1,1,N,N,N,N,Y,N,N,N,N,N,N,N,N,N,N,N,N,N,N,N,N,N,N,N,N,N,26.736545069,-80.13599731,585923.0037,2957547.2032,C,U,ARBM15Q1R2,"February 27, 2022",2900096,-8920698.714154316,3090595.5339882895
2014848207330,2014,848207330,20140013437,CITY POLICE DEPARTMENT,04 FOURTH,PALM BEACH,"August 1, 2014",2238,SATURDAY,9394 WEST PALM BEACH,0694,Y,HUNTER ST,GEORGIA AVE,0.07,W,0,0,26.657406,-80.060136,93A02783,0.232,,,,R RIGHT,S SIDE OF ROAD,U UNNWN,,05 LOCAL,77 OTHER (SEE NARRATIVE),03 SHOULDER,01 NOT AT INTERSECTION,01 PAVED,0,"December 31, 2000",,,,0,,0,,0,,,RCI,0,,,1 NO INJURY,33 Q/C VERIFIED AS OFF-SYSTEM,0 NO,77 ALL OTHER,04 DARK-LIGHTED,01 CLEAR,01 DRY,01 LEVEL,1 STRAIGHT,UNKNOWN,"TWO-WAY, NOT DIVIDED",UNKNOWN,NO CONTROLS,,NONE,NOT CODED,NOT CODED,NONE,NOT CODED,NOT CODED,15 PARKED MOTOR VEHICLE,"04 SIDESWIPE, SAME DIRECTION",88 UNKNOWN,OTHER CONTRIBUTING ACTION,NOT CODED,00 NOT CODED,00 NOT CODED,00 NOT CODED,00 NOT CODED,01 NO,0,0,0,0,1,0,2,1,N,N,N,N,Y,N,N,N,N,N,N,N,N,N,N,N,N,N,N,N,N,N,N,N,N,N,26.657405982,-80.060136001,593532.225742,2948834.924254,C,U,ARBM15Q1R2,"February 27, 2022",2900102,-8912253.869216194,3080734.5819474873
2014848207550,2014,848207550,20140013513,CITY POLICE DEPARTMENT,04 FOURTH,PALM BEACH,"August 3, 2014",1217,MONDAY,9394 WEST PALM BEACH,0694,Y,25TH ST,WINDSOR AVE,0.01,W,0,0,26.736632,-80.0645,93000056,0.197,,,,R RIGHT,2 THRU LANE 2,E EAST,,05 LOCAL,05 RAILWAY GRADE CROSSING,01 ON ROADWAY,01 NOT AT INTERSECTION,03 CURB,0,"December 31, 2000",19 URBAN LOCAL,,,0,,0,,0,,,RCI,0,,,5 FATAL(WITHIN 30 DAYS) INJURY,33 Q/C VERIFIED AS OFF-SYSTEM,0 NO,05 RAILROAD CROSSING,01 DAYLIGHT,02 CLOUDY,01 DRY,01 LEVEL,1 STRAIGHT,"TWO-WAY, NOT DIVIDED",UNKNOWN,RAILWAY CROSSING DEVICE,RAILWAY CROSSING DEVICE,4,NONE,NOT CODED,NOT CODED,NONE,NOT CODED,NOT CODED,"12 RAILWAY VEHICLE (TRAIN, ENGINE",03 ANGLE,01 STRAIGHT AHEAD,FAILED TO YIELD RIGHT-OF-WAY,NO CONTRIBUTING ACTION,00 NOT CODED,00 NOT CODED,00 NOT CODED,00 NOT CODED,01 NO,0,1,0,0,2,0,2,4,N,N,N,Y,N,N,N,N,N,N,N,N,N,N,N,N,N,N,N,N,N,N,N,N,N,N,26.736631575,-80.064500021,593033.532164,2957607.024654,C,U,ARBM15Q1R2,"February 27, 2022",2900121,-8912739.67003576,3090606.316846629
2014846480470,2014,846480470,20140004909,CITY POLICE DEPARTMENT,04 FOURTH,PALM BEACH,"March 19, 2014",0805,THURSDAY,9394 WEST PALM BEACH,0694,Y,LYTLE ST,LAKE AVE,0.019,W,0,0,26.656005,-80.06231,93A13321,0.25,,,,L LEFT,P PARKING,E EAST,,05 LOCAL,01 NON-JUNCTION,01 ON ROADWAY,01 NOT AT INTERSECTION,03 CURB,0,"December 31, 2000",,,,0,,0,,0,,,RCI,0,,,1 NO INJURY,33 Q/C VERIFIED AS OFF-SYSTEM,0 NO,01 NOT AT INTERSECTION/RRX/BRIDGE,01 DAYLIGHT,01 CLEAR,01 DRY,01 LEVEL,1 STRAIGHT,"TWO-WAY, NOT DIVIDED","TWO-WAY, NOT DIVIDED",NO CONTROLS,NO CONTROLS,,NONE,NOT CODED,NOT CODED,NONE,NOT CODED,NOT CODED,14 MOTOR VEHICLE IN TRANSPORT,06 REAR TO SIDE,04 BACKING,IMPROPER BACKING,NOT CODED,00 NOT CODED,00 NOT CODED,00 NOT CODED,00 NOT CODED,01 NO,0,0,0,0,1,0,2,1,N,N,Y,N,Y,N,N,N,N,N,N,N,N,N,N,N,N,N,N,N,N,N,N,N,N,N,26.656007827,-80.062309853,593317.016586,2948678.470234,C,U,ARBM15Q1R2,"February 27, 2022",2900336,-8912495.86128882,3080560.42934273
2014848208430,2014,848208430,20140013931,CITY POLICE DEPARTMENT,04 FOURTH,PALM BEACH,"August 10, 2014",1708,MONDAY,9394 WEST PALM BEACH,0694,Y,PALM BEACH LAKES BLVD,N AUSTRALIAN AVE,0,E,0,0,26.724872,-80.066677,93014500,2.694,,,,I INTERSECTION,M MIDDLE,N NORTH,,05 LOCAL,01 NON-JUNCTION,01 ON ROADWAY,02 FOUR-WAY INTERSECTION,03 CURB,0,"December 31, 2000",,,,0,,0,,0,,,RCI,0,,,1 NO INJURY,33 Q/C VERIFIED AS OFF-SYSTEM,0 NO,02 AT INTERSECTION,01 DAYLIGHT,01 CLEAR,01 DRY,01 LEVEL,1 STRAIGHT,"TWO-WAY, DIVIDED, POSITIVE MED","TWO-WAY, DIVIDED, POSITIVE MED",NO CONTROLS,NO CONTROLS,,NONE,NOT CODED,NOT CODED,NONE,NOT CODED,NOT CODED,14 MOTOR VEHICLE IN TRANSPORT,77 OTHER (SEE NARRATIVE),01 STRAIGHT AHEAD,NO CONTRIBUTING ACTION,NO CONTRIBUTING ACTION,00 NOT CODED,00 NOT CODED,00 NOT CODED,00 NOT CODED,01 NO,0,0,0,0,2,0,2,2,N,N,N,Y,N,N,N,N,N,N,N,N,N,N,N,N,N,N,N,N,N,N,N,N,N,N,26.724873662,-80.066675454,592826.721656,2956303.086125,L,U,ARBM15Q1R2,"February 27, 2022",2900651,-8912981.838093368,3089140.81330187
2014849987720,2014,849987720,20140015660,COUNTY SHERIFF'S OFFICE,04 FOURTH,PALM BEACH,"September 10, 2014",2313,THURSDAY,9394 WEST PALM BEACH,0694,Y,S FLAGLER DR,EDMOR RD,0.005,N,0,0,26.671532,-80.047935,93000037,2.207,,,,R RIGHT,S SIDE OF ROAD,N NORTH,,05 LOCAL,01 NON-JUNCTION,02 OFF ROADWAY,01 NOT AT INTERSECTION,03 CURB,0,"December 31, 2000",,,,0,,0,,0,,,RCI,0,,,2 POSSIBLE INJURY,33 Q/C VERIFIED AS OFF-SYSTEM,0 NO,01 NOT AT INTERSECTION/RRX/BRIDGE,04 DARK-LIGHTED,03 RAIN,02 WET,01 LEVEL,3 CURVE LEFT,"TWO-WAY, NOT DIVIDED",,NO CONTROLS,NOT CODED,,NONE,NOT CODED,NOT CODED,WEATHER CONDITIONS,NOT CODED,NOT CODED,32 TREE (STANDING),"04 SIDESWIPE, SAME DIRECTION",15 NEGOTIATING A CURVE,OPERATED MV IN CARLESS OR NEGL,NOT CODED,00 NOT CODED,00 NOT CODED,00 NOT CODED,00 NOT CODED,01 NO,1,0,0,0,1,0,1,1,N,N,N,N,Y,N,N,N,N,N,N,N,N,N,N,N,Y,N,N,N,N,N,N,N,N,N,26.671531564,-80.047936242,594734.704863,2950408.512525,C,U,ARBM15Q1R2,"February 27, 2022",2901367,-8910895.797851797,3082494.1670461795