Crash Id,Calendar Year,FDOT Crash Number,Reporting Agency Case Number,Reporting Agency Type,FDOT Managing District,County Name,Crash Date,Crash Time,Day,DHSMV City,Crash Report City Code,In Town,On Roadway Name,Int Roadway Name,Reference Distance (Miles),Reference Direction,Officer Latitude,Officer Longitude,FDOT Latitude,FDOT Longitude,FDOT Roadway,Nearest Inventory MP,Nearest Node From Crash,State Road #,US Highway,Crash Side of Road,Accident Lane Number,Travel Direction Vehicle 1,FDOT Road Category,DHSMV Road System Id,Relation to Junction,Crash Harmful Event Location,Intersection Type,Shoulder Type,FDOT Roadway SKID Test Result,FDOT Roadway SKID Test Date,Functional Class,RCI Surface Width,RCI Shoulder Type First,RCI Shoulder Width First,RCI Shoulder Type Second,RCI Shoulder Width Second,RCI Shoulder Type Third,RCI Shoulder Width Third,RCI Median Width,Avg Daily Traffic,AADT Source,RCI Avg Per Truck Traffic,RCI Horiz Curve Condition,Posted Speed Limit,Highest Injury in Crash,CAR Status Code,Alcohols/Drug Involved,Site Location,Lighting,Weather,Road Surface,Roadway Grade,Roadway Alignment,Traffic Way Vehicle 1,Traffic Way Vehicle 2,Traffic Control Vehicle 1,Traffic Control Vehicle 2,Count of Lanes,Road Condition 1,Road Condition 2,Road Condition 3,Environment Condition 1,Environment Condition 2,Environment Condition 3,Crash Harmful Event,Manner of Collision,Vehicle Movement,Driver Action Vehicle 1,Driver Action Vehicle 2,Location Within Workzone,Type of Workzone,Workers Present in Workzone,Law Enforcement Present in Workzone,School Bus Related,Count of Nonfatal Injuries,Count of Traffic Fatalities,Count of Serious Injuries,Count of Pedestrians,Count of Drivers,Count of Bicyclists,Count of Vehicles,Count of Persons,Wrong Way,Workzone Inv,Commercial Vehicle Inv,Intersection Inv,Lane Departure,Speeding,Agressive Driving,Impaired Driver,Impaired Pedestrian,Impaired Bicyclist,Distracted Driver,Speeding or Aggressive Driving,Pedestrian Related,Bicyclist Related,Pedestrian or Bicyclist Related,Motorcycle Inv,No Belt,No Belt - Ages 1-4,No Belt - Ages 5-12,No Belt - Ages 13-17,Driver - Ages Teen,Driver - Ages 65 plus,Driver - Ages 65-69,Driver - Ages 70-74,Driver - Ages 75-79,Driver - Ages 80 plus,ARBM Latitude,ARBM Longitude,UTM Zone 17N X,UTM Zone 17N Y,ARBM Side of Road,Urban Rural Indicator,GIS Street Source,Extract Date,OBJECTID,x,y
2014850002240,2014,850002240,20140021267,COUNTY SHERIFF'S OFFICE,04 FOURTH,PALM BEACH,"December 17, 2014",0938,THURSDAY,9394 WEST PALM BEACH,0694,Y,VILLAGE BLVD,SHILOH DR,0.009,N,0,0,26.754352,-80.098628,93577000,4.013,,,,R RIGHT,2 THRU LANE 2,0,,05 LOCAL,01 NON-JUNCTION,01 ON ROADWAY,01 NOT AT INTERSECTION,03 CURB,0,"December 31, 2000",,,,0,,0,,0,,,RCI,0,,,1 NO INJURY,33 Q/C VERIFIED AS OFF-SYSTEM,0 NO,01 NOT AT INTERSECTION/RRX/BRIDGE,01 DAYLIGHT,01 CLEAR,01 DRY,00 NOT CODED,0 NOT CODED,NOT CODED,"TWO-WAY, DIVIDED, POSITIVE MED",NOT CODED,NO CONTROLS,,NONE,NOT CODED,NOT CODED,NONE,NOT CODED,NOT CODED,14 MOTOR VEHICLE IN TRANSPORT,"04 SIDESWIPE, SAME DIRECTION",00 NOT CODED,NOT CODED,NO CONTRIBUTING ACTION,00 NOT CODED,00 NOT CODED,00 NOT CODED,00 NOT CODED,01 NO,0,0,0,0,1,0,2,1,N,N,N,N,Y,N,N,N,N,N,N,N,N,N,N,N,N,N,N,N,N,N,N,N,N,N,26.754351953,-80.098628051,589625.502205,2959545.315041,L,U,ARBM15Q1R2,"February 27, 2022",2904792,-8916538.786134059,3092815.2666151593
2014849994020,2014,849994020,20140018091,COUNTY SHERIFF'S OFFICE,04 FOURTH,PALM BEACH,"October 23, 2014",0654,FRIDAY,9394 WEST PALM BEACH,0694,Y,BELVEDERE RD,,0.019,E,0,0,26.690752,-80.06823,93503501,0.097,,,,L LEFT,1 THRU LANE 1,W WEST,,04 COUNTY,01 NON-JUNCTION,01 ON ROADWAY,01 NOT AT INTERSECTION,03 CURB,0,"December 31, 2000",,,,0,,0,,0,,,RCI,0,,,1 NO INJURY,33 Q/C VERIFIED AS OFF-SYSTEM,0 NO,01 NOT AT INTERSECTION/RRX/BRIDGE,01 DAYLIGHT,02 CLOUDY,01 DRY,01 LEVEL,1 STRAIGHT,"TWO-WAY, DIVIDED, POSITIVE MED","TWO-WAY, DIVIDED, POSITIVE MED",NO CONTROLS,NO CONTROLS,,NONE,NOT CODED,NOT CODED,NONE,NOT CODED,NOT CODED,01 OVERTURN/ROLLOVER,03 ANGLE,06 CHANGING LANES,OPERATED MV IN CARLESS OR NEGL,NO CONTRIBUTING ACTION,00 NOT CODED,00 NOT CODED,00 NOT CODED,00 NOT CODED,01 NO,0,0,0,0,3,0,3,3,N,N,N,N,Y,N,N,N,N,N,N,N,N,N,N,N,N,N,N,N,N,Y,Y,N,N,N,26.690755079,-80.06823,592699.725057,2952522.863581,L,U,ARBM15Q1R2,"February 27, 2022",2905250,-8913154.889360834,3084889.138035224
2014849991360,2014,849991360,20140017072,COUNTY SHERIFF'S OFFICE,04 FOURTH,PALM BEACH,"October 5, 2014",1211,MONDAY,9394 WEST PALM BEACH,0694,Y,PALM BEACH LAKES BLVD,,0,E,0,0,26.711619,-80.095972,93014500,0.444,,,,I INTERSECTION,M MIDDLE,E EAST,,05 LOCAL,01 NON-JUNCTION,01 ON ROADWAY,02 FOUR-WAY INTERSECTION,01 PAVED,0,"December 31, 2000",,,,0,,0,,0,,,RCI,0,,,4 INCAPACITATING INJURY,33 Q/C VERIFIED AS OFF-SYSTEM,0 NO,01 NOT AT INTERSECTION/RRX/BRIDGE,01 DAYLIGHT,01 CLEAR,01 DRY,01 LEVEL,1 STRAIGHT,"TWO-WAY, DIVIDED, POSITIVE MED","TWO-WAY, DIVIDED, POSITIVE MED",TRAFFIC CONTROL SIGNAL,NO CONTROLS,,NONE,NOT CODED,NOT CODED,NONE,NOT CODED,NOT CODED,14 MOTOR VEHICLE IN TRANSPORT,02 FRONT TO FRONT,03 TURNING LEFT,FAILED TO YIELD RIGHT-OF-WAY,NO CONTRIBUTING ACTION,00 NOT CODED,00 NOT CODED,00 NOT CODED,00 NOT CODED,01 NO,2,0,1,0,3,0,3,3,N,N,N,N,Y,N,N,N,N,N,N,N,N,N,N,N,N,N,N,N,N,N,N,N,N,N,26.711619862,-80.09597326,589923.083992,2954814.040913,R,U,ARBM15Q1R2,"February 27, 2022",2905280,-8916243.25595996,3087489.044216729
2014849994140,2014,849994140,20140018139,COUNTY SHERIFF'S OFFICE,04 FOURTH,PALM BEACH,"October 24, 2014",0100,SATURDAY,9394 WEST PALM BEACH,0694,Y,BRANDYWINE RD,VILLAGE BLVD,0,E,0,0,26.731246,-80.094955,93A11060,1.556,,,,E END OF ST RD,E END OF ST RD,E EAST,,05 LOCAL,01 NON-JUNCTION,03 SHOULDER,03 T-INTERSECTION,03 CURB,0,"December 31, 2000",,,,0,,0,,0,,,RCI,0,,,1 NO INJURY,33 Q/C VERIFIED AS OFF-SYSTEM,1 ALC,01 NOT AT INTERSECTION/RRX/BRIDGE,04 DARK-LIGHTED,01 CLEAR,01 DRY,01 LEVEL,1 STRAIGHT,"TWO-WAY, NOT DIV, W/CONT LTURN",,NO CONTROLS,NOT CODED,,NONE,NOT CODED,NOT CODED,NONE,NOT CODED,NOT CODED,32 TREE (STANDING),77 OTHER (SEE NARRATIVE),01 STRAIGHT AHEAD,OTHER CONTRIBUTING ACTION,NOT CODED,00 NOT CODED,00 NOT CODED,00 NOT CODED,00 NOT CODED,01 NO,0,0,0,0,1,0,1,1,N,N,N,N,Y,N,N,N,N,N,N,N,N,N,N,N,N,N,N,N,N,N,N,N,N,N,26.731244859,-80.094957186,590008.716791,2956988.484217,C,U,ARBM15Q1R2,"February 27, 2022",2905289,-8916130.14710696,3089934.8989108675
2014849994840,2014,849994840,20140018417,COUNTY SHERIFF'S OFFICE,04 FOURTH,PALM BEACH,"October 28, 2014",2010,WEDNESDAY,9394 WEST PALM BEACH,0694,Y,PARKER AVE,SUMMIT BLVD,0.019,S,0,0,26.665569,-80.063652,93027500,0.71,,,,R RIGHT,2 THRU LANE 2,N NORTH,,05 LOCAL,01 NON-JUNCTION,01 ON ROADWAY,01 NOT AT INTERSECTION,03 CURB,0,"December 31, 2000",,,,0,,0,,0,,,RCI,0,,,0 UNKNOWN/NOT CODED,33 Q/C VERIFIED AS OFF-SYSTEM,0 NO,01 NOT AT INTERSECTION/RRX/BRIDGE,04 DARK-LIGHTED,01 CLEAR,01 DRY,00 NOT CODED,0 NOT CODED,NOT CODED,"TWO-WAY, NOT DIVIDED",NOT CODED,NO CONTROLS,,NONE,NOT CODED,NOT CODED,NONE,NOT CODED,NOT CODED,14 MOTOR VEHICLE IN TRANSPORT,"04 SIDESWIPE, SAME DIRECTION",00 NOT CODED,NOT CODED,NOT CODED,00 NOT CODED,00 NOT CODED,00 NOT CODED,00 NOT CODED,01 NO,0,0,0,0,0,0,2,0,N,N,N,N,Y,N,N,N,N,N,N,N,N,N,N,N,N,N,N,N,N,N,N,N,N,N,26.665568978,-80.063651696,593175.705511,2949736.510023,C,U,ARBM15Q1R2,"February 27, 2022",2905304,-8912645.234671677,3081751.3973930315
2014849989700,2014,849989700,20140016428,COUNTY SHERIFF'S OFFICE,04 FOURTH,PALM BEACH,"September 24, 2014",1757,THURSDAY,9394 WEST PALM BEACH,0694,Y,BELVEDERE RD,LAKE AVE,0,E,0,0,26.690476,-80.060501,93503501,0.576,,,,I INTERSECTION,M MIDDLE,E EAST,,04 COUNTY,01 NON-JUNCTION,01 ON ROADWAY,02 FOUR-WAY INTERSECTION,03 CURB,0,"December 31, 2000",,,,0,,0,,0,,,RCI,0,,,1 NO INJURY,33 Q/C VERIFIED AS OFF-SYSTEM,0 NO,01 NOT AT INTERSECTION/RRX/BRIDGE,01 DAYLIGHT,03 RAIN,02 WET,01 LEVEL,1 STRAIGHT,"TWO-WAY, DIVIDED, UNPROTECTED","TWO-WAY, DIVIDED, UNPROTECTED",NO CONTROLS,NO CONTROLS,,NONE,NOT CODED,NOT CODED,NONE,NOT CODED,NOT CODED,14 MOTOR VEHICLE IN TRANSPORT,03 ANGLE,03 TURNING LEFT,NO CONTRIBUTING ACTION,NO CONTRIBUTING ACTION,00 NOT CODED,00 NOT CODED,00 NOT CODED,00 NOT CODED,01 NO,0,0,0,0,2,0,2,2,N,N,N,N,N,N,N,N,N,N,N,N,N,N,N,N,N,N,N,N,N,N,N,N,N,N,26.690475079,-80.060497333,593469.3006,2952497.4935,C,U,ARBM15Q1R2,"February 27, 2022",2905324,-8912294.09259991,3084854.251175722
2014849999380,2014,849999380,20140020147,COUNTY SHERIFF'S OFFICE,04 FOURTH,PALM BEACH,"November 27, 2014",1816,FRIDAY,9394 WEST PALM BEACH,0694,Y,COMMUNITY DR,VILLAGE BLVD,0.009,W,0,0,26.721111,-80.10241,93576000,1.009,,,,R RIGHT,L LEFT TURN,E EAST,,05 LOCAL,01 NON-JUNCTION,01 ON ROADWAY,01 NOT AT INTERSECTION,03 CURB,0,"December 31, 2000",,,,0,,0,,0,,,RCI,0,,,1 NO INJURY,33 Q/C VERIFIED AS OFF-SYSTEM,1 ALC,01 NOT AT INTERSECTION/RRX/BRIDGE,04 DARK-LIGHTED,01 CLEAR,01 DRY,01 LEVEL,1 STRAIGHT,"TWO-WAY, NOT DIVIDED","TWO-WAY, NOT DIVIDED",NO CONTROLS,TRAFFIC CONTROL SIGNAL,,NONE,NONE,NONE,NONE,NONE,NONE,14 MOTOR VEHICLE IN TRANSPORT,01 FRONT TO REAR,01 STRAIGHT AHEAD,OPERATED MV IN CARLESS OR NEGL,NO CONTRIBUTING ACTION,00 NOT CODED,00 NOT CODED,00 NOT CODED,00 NOT CODED,01 NO,0,0,0,0,2,0,2,3,N,N,N,N,N,N,N,Y,N,N,N,N,N,N,N,N,N,N,N,N,N,N,N,N,N,N,26.721109999,-80.10241004,589275.385308,2955860.670675,C,U,ARBM15Q1R2,"February 27, 2022",2905328,-8916959.795279939,3088671.7430931143
2014849989270,2014,849989270,20140016241,COUNTY SHERIFF'S OFFICE,04 FOURTH,PALM BEACH,"September 21, 2014",1537,MONDAY,9394 WEST PALM BEACH,0694,Y,HAVERHILL RD N,LORING DR,0,S,0,0,26.747213,-80.11784,93000004,2.771,,,,I INTERSECTION,M MIDDLE,S SOUTH,,04 COUNTY,01 NON-JUNCTION,01 ON ROADWAY,01 NOT AT INTERSECTION,03 CURB,0,"December 31, 2000",,,,0,,0,,0,,,RCI,0,,,4 INCAPACITATING INJURY,33 Q/C VERIFIED AS OFF-SYSTEM,0 NO,01 NOT AT INTERSECTION/RRX/BRIDGE,01 DAYLIGHT,03 RAIN,02 WET,01 LEVEL,1 STRAIGHT,"TWO-WAY, DIVIDED, UNPROTECTED","TWO-WAY, DIVIDED, UNPROTECTED",STOP SIGN,NO CONTROLS,,NONE,NOT CODED,NOT CODED,NONE,NOT CODED,NOT CODED,01 OVERTURN/ROLLOVER,03 ANGLE,03 TURNING LEFT,FAILED TO YIELD RIGHT-OF-WAY,NO CONTRIBUTING ACTION,00 NOT CODED,00 NOT CODED,00 NOT CODED,00 NOT CODED,01 NO,2,0,1,0,2,0,2,2,N,N,N,N,N,N,N,N,N,N,N,N,N,N,N,N,N,N,N,N,N,N,N,N,N,N,26.747212923,-80.117837394,587720.861747,2958741.189147,C,U,ARBM15Q1R2,"February 27, 2022",2905341,-8918677.161066461,3091925.3027877854
2014849996000,2014,849996000,20140018943,COUNTY SHERIFF'S OFFICE,04 FOURTH,PALM BEACH,"November 6, 2014",1315,FRIDAY,9394 WEST PALM BEACH,0694,Y,N CONGRESS AVE,45TH ST,0.012,N,0,0,26.759131,-80.08645,93250500,5.003,,,,L LEFT,1 THRU LANE 1,S SOUTH,,05 LOCAL,01 NON-JUNCTION,01 ON ROADWAY,01 NOT AT INTERSECTION,03 CURB,0,"December 31, 2000",,,,0,,0,,0,,,RCI,0,,,1 NO INJURY,33 Q/C VERIFIED AS OFF-SYSTEM,0 NO,01 NOT AT INTERSECTION/RRX/BRIDGE,01 DAYLIGHT,01 CLEAR,01 DRY,01 LEVEL,1 STRAIGHT,"TWO-WAY, DIVIDED, POSITIVE MED","TWO-WAY, DIVIDED, POSITIVE MED",NO CONTROLS,NO CONTROLS,,NONE,NOT CODED,NOT CODED,NONE,NOT CODED,NOT CODED,14 MOTOR VEHICLE IN TRANSPORT,03 ANGLE,06 CHANGING LANES,OPERATED MV IN CARLESS OR NEGL,NO CONTRIBUTING ACTION,00 NOT CODED,00 NOT CODED,00 NOT CODED,00 NOT CODED,01 NO,0,0,0,0,3,0,3,3,N,N,Y,N,N,N,N,N,N,N,N,N,N,N,N,N,N,N,N,N,N,N,N,N,N,N,26.759131071,-80.086450951,590832.560346,2960083.302318,L,U,ARBM15Q1R2,"February 27, 2022",2905344,-8915183.237263666,3093411.0709794
2014850003220,2014,850003220,20140021640,COUNTY SHERIFF'S OFFICE,04 FOURTH,PALM BEACH,"December 23, 2014",1823,WEDNESDAY,9394 WEST PALM BEACH,0694,Y,13TH ST,N AUSTRALIAN AVE,0.109,W,0,0,26.725774,-80.068407,93A11128,0.954,,,,R RIGHT,S SIDE OF ROAD,0,,05 LOCAL,01 NON-JUNCTION,02 OFF ROADWAY,01 NOT AT INTERSECTION,02 UNPAVED,0,"December 31, 2000",,,,0,,0,,0,,,RCI,0,,,0 UNKNOWN/NOT CODED,33 Q/C VERIFIED AS OFF-SYSTEM,0 NO,01 NOT AT INTERSECTION/RRX/BRIDGE,02 DUSK,01 CLEAR,01 DRY,00 NOT CODED,0 NOT CODED,NOT CODED,"TWO-WAY, NOT DIVIDED",NOT CODED,NO CONTROLS,,NONE,NOT CODED,NOT CODED,NONE,NOT CODED,NOT CODED,15 PARKED MOTOR VEHICLE,06 REAR TO SIDE,00 NOT CODED,NOT CODED,NOT CODED,00 NOT CODED,00 NOT CODED,00 NOT CODED,00 NOT CODED,01 NO,0,0,0,0,0,0,2,0,N,N,N,N,Y,N,N,N,N,N,N,N,N,N,N,N,N,N,N,N,N,N,N,N,N,N,26.725773078,-80.068407031,592653.764544,2956401.448137,C,U,ARBM15Q1R2,"February 27, 2022",2905359,-8913174.596593319,3089252.910931504
2014849998540,2014,849998540,20140019840,COUNTY SHERIFF'S OFFICE,04 FOURTH,PALM BEACH,"November 21, 2014",1820,SATURDAY,9394 WEST PALM BEACH,0694,Y,VILLAGE BLVD,CUMBERLAND DR,0.019,N,0,0,26.745889,-80.090913,93577000,3.182,,,,R RIGHT,S SIDE OF ROAD,N NORTH,,05 LOCAL,01 NON-JUNCTION,01 ON ROADWAY,01 NOT AT INTERSECTION,03 CURB,0,"December 31, 2000",,,,0,,0,,0,,,RCI,0,,,1 NO INJURY,33 Q/C VERIFIED AS OFF-SYSTEM,0 NO,01 NOT AT INTERSECTION/RRX/BRIDGE,04 DARK-LIGHTED,01 CLEAR,77 OTHER EXPLAIN IN NARRATIVE,01 LEVEL,1 STRAIGHT,"TWO-WAY, DIVIDED, POSITIVE MED",,NO CONTROLS,NOT CODED,,DEBRIS,NOT CODED,NOT CODED,PHYSICAL OBSTRUCTION(S),NOT CODED,NOT CODED,18 OTHER NON-FIXED OBJECT,77 OTHER (SEE NARRATIVE),01 STRAIGHT AHEAD,NO CONTRIBUTING ACTION,NOT CODED,00 NOT CODED,00 NOT CODED,00 NOT CODED,00 NOT CODED,01 NO,0,0,0,0,1,0,1,2,N,N,N,N,N,N,N,N,N,N,N,N,N,N,N,N,N,N,N,N,N,N,N,N,N,N,26.745888925,-80.090911401,590399.520014,2958613.37716,R,U,ARBM15Q1R2,"February 27, 2022",2905361,-8915679.772343773,3091760.257229195
2014849987980,2014,849987980,20140015747,COUNTY SHERIFF'S OFFICE,04 FOURTH,PALM BEACH,"September 12, 2014",1712,SATURDAY,9394 WEST PALM BEACH,0694,Y,8TH ST,DOUGLASS AVE,0,E,0,0,26.720814,-80.060575,93A05161,0.113,,,,I INTERSECTION,M MIDDLE,W WEST,,05 LOCAL,02 INTERSECTION,01 ON ROADWAY,02 FOUR-WAY INTERSECTION,03 CURB,0,"December 31, 2000",,,,0,,0,,0,,,RCI,0,,,2 POSSIBLE INJURY,33 Q/C VERIFIED AS OFF-SYSTEM,0 NO,02 AT INTERSECTION,01 DAYLIGHT,03 RAIN,02 WET,01 LEVEL,1 STRAIGHT,"TWO-WAY, NOT DIVIDED",ONE-WAY TRAFFICWAY,STOP SIGN,NO CONTROLS,,NONE,NOT CODED,NOT CODED,NONE,NOT CODED,NOT CODED,14 MOTOR VEHICLE IN TRANSPORT,03 ANGLE,01 STRAIGHT AHEAD,FAILED TO YIELD RIGHT-OF-WAY,NO CONTRIBUTING ACTION,00 NOT CODED,00 NOT CODED,00 NOT CODED,00 NOT CODED,01 NO,3,0,0,0,2,0,2,5,N,N,N,Y,N,N,N,N,N,N,N,N,N,N,N,N,N,N,N,N,N,N,N,N,N,N,26.720815012,-80.060574969,593436.811831,2955857.994588,C,U,ARBM15Q1R2,"February 27, 2022",2905374,-8912302.735092362,3088634.979365725
2014813956850,2014,813956850,14107995,COUNTY SHERIFF'S OFFICE,04 FOURTH,PALM BEACH,"August 12, 2014",2118,WEDNESDAY,9394 WEST PALM BEACH,0694,Y,NORTHLAKE BLVD,IBIS BLVD,0.002,E,0,0,26.811834,-80.205121,93680500,0.473,,,,L LEFT,1 THRU LANE 1,W WEST,,03 STATE,02 INTERSECTION,01 ON ROADWAY,03 T-INTERSECTION,02 UNPAVED,0,"December 31, 2000",,,,0,,0,,0,,,RCI,0,,,2 POSSIBLE INJURY,33 Q/C VERIFIED AS OFF-SYSTEM,0 NO,02 AT INTERSECTION,04 DARK-LIGHTED,02 CLOUDY,02 WET,01 LEVEL,1 STRAIGHT,"TWO-WAY, DIVIDED, UNPROTECTED","TWO-WAY, DIVIDED, UNPROTECTED",TRAFFIC CONTROL SIGNAL,TRAFFIC CONTROL SIGNAL,,NONE,NOT CODED,NOT CODED,NONE,NOT CODED,NOT CODED,14 MOTOR VEHICLE IN TRANSPORT,01 FRONT TO REAR,01 STRAIGHT AHEAD,OPERATED MV IN CARLESS OR NEGL,NO CONTRIBUTING ACTION,00 NOT CODED,00 NOT CODED,00 NOT CODED,00 NOT CODED,01 NO,2,0,0,0,2,0,2,2,N,N,N,Y,N,N,N,N,N,N,Y,N,N,N,N,N,N,N,N,N,N,N,N,N,N,N,26.811834201,-80.205120992,578996.423152,2965841.605543,L,U,ARBM15Q1R2,"February 27, 2022",2905718,-8928393.52971178,3099983.141196761
2014850004090,2014,850004090,20140021972,COUNTY SHERIFF'S OFFICE,04 FOURTH,PALM BEACH,"December 30, 2014",1549,WEDNESDAY,9394 WEST PALM BEACH,0694,Y,BELVEDERE RD,MERCER AVE,0,E,0,0,26.690859,-80.071385,93503500,2.607,,,,I INTERSECTION,M MIDDLE,W WEST,,04 COUNTY,02 INTERSECTION,01 ON ROADWAY,03 T-INTERSECTION,03 CURB,0,"December 31, 2000",,,,0,,0,,0,,,RCI,0,,,1 NO INJURY,33 Q/C VERIFIED AS OFF-SYSTEM,0 NO,02 AT INTERSECTION,01 DAYLIGHT,02 CLOUDY,02 WET,01 LEVEL,1 STRAIGHT,"TWO-WAY, DIVIDED, POSITIVE MED","TWO-WAY, NOT DIVIDED",TRAFFIC CONTROL SIGNAL,TRAFFIC CONTROL SIGNAL,,NONE,NOT CODED,NOT CODED,NONE,NOT CODED,NOT CODED,14 MOTOR VEHICLE IN TRANSPORT,03 ANGLE,01 STRAIGHT AHEAD,RAN RED LIGHT,NO CONTRIBUTING ACTION,00 NOT CODED,00 NOT CODED,00 NOT CODED,00 NOT CODED,01 NO,0,0,0,0,2,0,2,3,N,N,N,Y,N,N,N,N,N,N,N,N,N,N,N,N,N,N,N,N,N,N,N,N,N,N,26.690855004,-80.071385171,592385.727015,2952531.642217,L,U,ARBM15Q1R2,"February 27, 2022",2905820,-8913506.121529171,3084901.5882721995
2014849988460,2014,849988460,20140015911,COUNTY SHERIFF'S OFFICE,04 FOURTH,PALM BEACH,"September 15, 2014",1644,TUESDAY,9394 WEST PALM BEACH,0694,Y,LAKE AVE,CONNISTON RD,0.007,N,0,0,26.676791,-80.06077,93000043,0.066,,,,L LEFT,1 THRU LANE 1,S SOUTH,,05 LOCAL,01 NON-JUNCTION,01 ON ROADWAY,03 T-INTERSECTION,03 CURB,0,"December 31, 2000",,,,0,,0,,0,,,RCI,0,,,1 NO INJURY,33 Q/C VERIFIED AS OFF-SYSTEM,0 NO,01 NOT AT INTERSECTION/RRX/BRIDGE,01 DAYLIGHT,01 CLEAR,01 DRY,01 LEVEL,1 STRAIGHT,"TWO-WAY, NOT DIVIDED","TWO-WAY, NOT DIVIDED",NO CONTROLS,NO CONTROLS,,NONE,NOT CODED,NOT CODED,NONE,NOT CODED,NOT CODED,14 MOTOR VEHICLE IN TRANSPORT,03 ANGLE,05 TURNING RIGHT,NO CONTRIBUTING ACTION,NO CONTRIBUTING ACTION,00 NOT CODED,00 NOT CODED,00 NOT CODED,00 NOT CODED,01 NO,0,0,0,0,2,0,2,2,N,N,N,N,N,N,N,N,N,N,N,N,N,N,N,N,N,N,N,N,N,N,N,N,N,N,26.676790959,-80.060766088,593453.719828,2950981.599772,C,U,ARBM15Q1R2,"February 27, 2022",2905822,-8912324.01032155,3083149.371206909
2014850002480,2014,850002480,20140021352,COUNTY SHERIFF'S OFFICE,04 FOURTH,PALM BEACH,"December 18, 2014",1730,FRIDAY,9394 WEST PALM BEACH,0694,Y,13TH ST,N TAMARIND AVE,0,E,0,0,26.725594,-80.061644,93A11192,0.074,,,,L LEFT,1 THRU LANE 1,N NORTH,,05 LOCAL,01 NON-JUNCTION,01 ON ROADWAY,01 NOT AT INTERSECTION,01 PAVED,0,"December 31, 2000",,,,0,,0,,0,,,RCI,0,,,0 UNKNOWN/NOT CODED,33 Q/C VERIFIED AS OFF-SYSTEM,0 NO,01 NOT AT INTERSECTION/RRX/BRIDGE,02 DUSK,01 CLEAR,01 DRY,01 LEVEL,1 STRAIGHT,"TWO-WAY, NOT DIVIDED","TWO-WAY, NOT DIVIDED",NO CONTROLS,NO CONTROLS,,NONE,NOT CODED,NOT CODED,NONE,NOT CODED,NOT CODED,14 MOTOR VEHICLE IN TRANSPORT,77 OTHER (SEE NARRATIVE),01 STRAIGHT AHEAD,NOT CODED,NOT CODED,00 NOT CODED,00 NOT CODED,00 NOT CODED,00 NOT CODED,01 NO,0,0,0,0,0,0,2,0,N,N,N,N,N,N,N,N,N,N,N,N,N,N,N,N,N,N,N,N,N,N,N,N,N,N,26.725595016,-80.06164398,593326.58093,2956386.66222,C,U,ARBM15Q1R2,"February 27, 2022",2905833,-8912421.736891724,3089230.7182649113
2014850003290,2014,850003290,20140021658,COUNTY SHERIFF'S OFFICE,04 FOURTH,PALM BEACH,"December 24, 2014",0302,THURSDAY,9394 WEST PALM BEACH,0694,Y,SPRUCE AVE,42ND ST,0.003,N,0,0,26.750647,-80.054509,93900016,1.889,,,,L LEFT,S SIDE OF ROAD,S SOUTH,,05 LOCAL,01 NON-JUNCTION,01 ON ROADWAY,01 NOT AT INTERSECTION,01 PAVED,0,"December 31, 2000",,,,0,,0,,0,,,RCI,0,,,1 NO INJURY,33 Q/C VERIFIED AS OFF-SYSTEM,0 NO,01 NOT AT INTERSECTION/RRX/BRIDGE,04 DARK-LIGHTED,03 RAIN,02 WET,01 LEVEL,1 STRAIGHT,"TWO-WAY, NOT DIVIDED",,NO CONTROLS,NOT CODED,,NONE,NOT CODED,NOT CODED,NONE,NOT CODED,NOT CODED,24 CURB,77 OTHER (SEE NARRATIVE),01 STRAIGHT AHEAD,OPERATED MV IN CARLESS OR NEGL,NOT CODED,00 NOT CODED,00 NOT CODED,00 NOT CODED,00 NOT CODED,01 NO,0,0,0,0,1,0,1,3,N,N,N,N,Y,N,N,N,N,N,Y,N,N,N,N,N,Y,N,Y,N,N,N,N,N,N,N,26.750646817,-80.054504981,594016.043056,2959166.753482,C,U,ARBM15Q1R2,"February 27, 2022",2905838,-8911627.02696809,3092353.371236729
2014849995930,2014,849995930,20140018908,COUNTY SHERIFF'S OFFICE,04 FOURTH,PALM BEACH,"November 5, 2014",1746,THURSDAY,9394 WEST PALM BEACH,0694,Y,45TH ST,N JOG RD,0.028,E,0,0,26.761416,-80.140619,93000220,5.582,,,,M MEDIAN,M MIDDLE,W WEST,,03 STATE,77 OTHER (SEE NARRATIVE),01 ON ROADWAY,01 NOT AT INTERSECTION,03 CURB,0,"December 31, 2000",,,,0,,0,,0,,,RCI,0,,,0 UNKNOWN/NOT CODED,33 Q/C VERIFIED AS OFF-SYSTEM,0 NO,77 ALL OTHER,01 DAYLIGHT,01 CLEAR,01 DRY,01 LEVEL,2 CURVE RIGHT,"TWO-WAY, DIVIDED, POSITIVE MED",,NO CONTROLS,NOT CODED,,NONE,NOT CODED,NOT CODED,NONE,NOT CODED,NOT CODED,24 CURB,77 OTHER (SEE NARRATIVE),05 TURNING RIGHT,NOT CODED,NOT CODED,00 NOT CODED,00 NOT CODED,00 NOT CODED,00 NOT CODED,01 NO,0,0,0,0,0,0,1,0,N,N,N,N,Y,N,N,N,N,N,N,N,N,N,N,Y,N,N,N,N,N,N,N,N,N,N,26.761417525,-80.140617441,585444.922477,2960299.035186,R,U,ARBM15Q1R2,"February 27, 2022",2905847,-8921213.025004666,3093696.1280162013