Crash Id,Calendar Year,FDOT Crash Number,Reporting Agency Case Number,Reporting Agency Type,FDOT Managing District,County Name,Crash Date,Crash Time,Day,DHSMV City,Crash Report City Code,In Town,On Roadway Name,Int Roadway Name,Reference Distance (Miles),Reference Direction,Officer Latitude,Officer Longitude,FDOT Latitude,FDOT Longitude,FDOT Roadway,Nearest Inventory MP,Nearest Node From Crash,State Road #,US Highway,Crash Side of Road,Accident Lane Number,Travel Direction Vehicle 1,FDOT Road Category,DHSMV Road System Id,Relation to Junction,Crash Harmful Event Location,Intersection Type,Shoulder Type,FDOT Roadway SKID Test Result,FDOT Roadway SKID Test Date,Functional Class,RCI Surface Width,RCI Shoulder Type First,RCI Shoulder Width First,RCI Shoulder Type Second,RCI Shoulder Width Second,RCI Shoulder Type Third,RCI Shoulder Width Third,RCI Median Width,Avg Daily Traffic,AADT Source,RCI Avg Per Truck Traffic,RCI Horiz Curve Condition,Posted Speed Limit,Highest Injury in Crash,CAR Status Code,Alcohols/Drug Involved,Site Location,Lighting,Weather,Road Surface,Roadway Grade,Roadway Alignment,Traffic Way Vehicle 1,Traffic Way Vehicle 2,Traffic Control Vehicle 1,Traffic Control Vehicle 2,Count of Lanes,Road Condition 1,Road Condition 2,Road Condition 3,Environment Condition 1,Environment Condition 2,Environment Condition 3,Crash Harmful Event,Manner of Collision,Vehicle Movement,Driver Action Vehicle 1,Driver Action Vehicle 2,Location Within Workzone,Type of Workzone,Workers Present in Workzone,Law Enforcement Present in Workzone,School Bus Related,Count of Nonfatal Injuries,Count of Traffic Fatalities,Count of Serious Injuries,Count of Pedestrians,Count of Drivers,Count of Bicyclists,Count of Vehicles,Count of Persons,Wrong Way,Workzone Inv,Commercial Vehicle Inv,Intersection Inv,Lane Departure,Speeding,Agressive Driving,Impaired Driver,Impaired Pedestrian,Impaired Bicyclist,Distracted Driver,Speeding or Aggressive Driving,Pedestrian Related,Bicyclist Related,Pedestrian or Bicyclist Related,Motorcycle Inv,No Belt,No Belt - Ages 1-4,No Belt - Ages 5-12,No Belt - Ages 13-17,Driver - Ages Teen,Driver - Ages 65 plus,Driver - Ages 65-69,Driver - Ages 70-74,Driver - Ages 75-79,Driver - Ages 80 plus,ARBM Latitude,ARBM Longitude,UTM Zone 17N X,UTM Zone 17N Y,ARBM Side of Road,Urban Rural Indicator,GIS Street Source,Extract Date,OBJECTID,x,y
2014846478260,2014,846478260,20140004001,CITY POLICE DEPARTMENT,04 FOURTH,PALM BEACH,"March 4, 2014",1649,WEDNESDAY,9394 WEST PALM BEACH,0694,Y,45TH ST,GREENWOOD AVE,0.009,E,0,0,26.753078,-80.060953,93510000,3.129,,,,L LEFT,1 THRU LANE 1,U UNNWN,,05 LOCAL,01 NON-JUNCTION,01 ON ROADWAY,01 NOT AT INTERSECTION,03 CURB,0,"December 31, 2000",,,,0,,0,,0,,,RCI,0,,,1 NO INJURY,33 Q/C VERIFIED AS OFF-SYSTEM,0 NO,01 NOT AT INTERSECTION/RRX/BRIDGE,01 DAYLIGHT,02 CLOUDY,01 DRY,01 LEVEL,1 STRAIGHT,UNKNOWN,"TWO-WAY, NOT DIVIDED",FLASHING SIGNAL,NO CONTROLS,,NONE,NOT CODED,NOT CODED,NONE,NOT CODED,NOT CODED,14 MOTOR VEHICLE IN TRANSPORT,01 FRONT TO REAR,88 UNKNOWN,OTHER CONTRIBUTING ACTION,NO CONTRIBUTING ACTION,00 NOT CODED,00 NOT CODED,00 NOT CODED,00 NOT CODED,01 NO,0,0,0,0,2,0,2,3,N,N,N,N,N,N,N,N,N,N,N,N,N,N,N,N,N,N,N,N,N,N,N,N,N,N,26.753078637,-80.060952818,593372.875496,2959431.365418,L,U,ARBM15Q1R2,"February 27, 2022",541218,-8912344.797117142,3092656.5288895797
2014846478440,2014,846478440,20140004063,CITY POLICE DEPARTMENT,04 FOURTH,PALM BEACH,"March 5, 2014",1726,THURSDAY,9394 WEST PALM BEACH,0694,Y,I 95,OKEECHOBEE BLVD,0.028,S,0,0,26.7054495,-80.073082,93220061,0.148,01757,SR 9,I 95,R RIGHT,X RAMP,N NORTH,07 RAMP URBAN,01 INTERSTATE,03 INTERSECTION-RELATED,01 ON ROADWAY,01 NOT AT INTERSECTION,03 CURB,0,"December 31, 2000",,14,CURB&GUTTER,2,VALLEY GUTR,4,,0,,11500,RCI,3.6,,,2 POSSIBLE INJURY,31 Q/C COMPLETED - LOC VERIFIED,0 NO,08 EXIT RAMP,01 DAYLIGHT,03 RAIN,02 WET,01 LEVEL,1 STRAIGHT,"TWO-WAY, DIVIDED, POSITIVE MED",,NO CONTROLS,NOT CODED,1,NONE,NOT CODED,NOT CODED,NONE,NOT CODED,NOT CODED,24 CURB,03 ANGLE,01 STRAIGHT AHEAD,OPERATED MV IN CARLESS OR NEGL,NOT CODED,00 NOT CODED,00 NOT CODED,00 NOT CODED,00 NOT CODED,01 NO,1,0,0,0,1,0,1,1,N,N,N,N,N,Y,N,N,N,N,N,Y,N,N,N,N,N,N,N,N,N,N,N,N,N,N,26.70546254,-80.073091837,592204.16468,2954148.384123,O,,ARBM15Q1R2,"February 27, 2022",541219,-8913696.106777526,3086721.7468850594
2014846478700,2014,846478700,20140004176,CITY POLICE DEPARTMENT,04 FOURTH,PALM BEACH,"March 7, 2014",1509,SATURDAY,9394 WEST PALM BEACH,0694,Y,FLAGLER DR,8TH ST,0.014,N,0,0,26.720705,-80.049156,93000045,1.134,,,,R RIGHT,1 THRU LANE 1,N NORTH,,05 LOCAL,01 NON-JUNCTION,01 ON ROADWAY,01 NOT AT INTERSECTION,03 CURB,0,"December 31, 2000",,,,0,,0,,0,,,RCI,0,,,4 INCAPACITATING INJURY,33 Q/C VERIFIED AS OFF-SYSTEM,0 NO,01 NOT AT INTERSECTION/RRX/BRIDGE,01 DAYLIGHT,01 CLEAR,01 DRY,01 LEVEL,1 STRAIGHT,"TWO-WAY, NOT DIVIDED","TWO-WAY, NOT DIVIDED",STOP SIGN,NO CONTROLS,,NONE,NOT CODED,NOT CODED,NONE,NOT CODED,NOT CODED,14 MOTOR VEHICLE IN TRANSPORT,03 ANGLE,77 OTHER (SEE NARRATIVE),FAILED TO YIELD RIGHT-OF-WAY,NO CONTRIBUTING ACTION,00 NOT CODED,00 NOT CODED,00 NOT CODED,00 NOT CODED,01 NO,2,0,1,0,2,0,3,2,N,N,N,N,N,N,N,N,N,N,N,N,N,N,N,Y,N,N,N,N,N,Y,N,Y,N,N,26.720703782,-80.049152981,594573.016332,2955854.101815,C,U,ARBM15Q1R2,"February 27, 2022",541220,-8911031.244823812,3088621.1168533443
2014846477890,2014,846477890,20140003894,CITY POLICE DEPARTMENT,04 FOURTH,PALM BEACH,"March 3, 2014",0720,TUESDAY,9394 WEST PALM BEACH,0694,Y,25TH ST,WINDSOR AVE,0,E,0,0,26.736621,-80.064333,93000056,0.207,,,,I INTERSECTION,M MIDDLE,S SOUTH,,05 LOCAL,02 INTERSECTION,01 ON ROADWAY,02 FOUR-WAY INTERSECTION,03 CURB,0,"December 31, 2000",,,,0,,0,,0,,,RCI,0,,,4 INCAPACITATING INJURY,33 Q/C VERIFIED AS OFF-SYSTEM,0 NO,02 AT INTERSECTION,01 DAYLIGHT,02 CLOUDY,01 DRY,01 LEVEL,1 STRAIGHT,"TWO-WAY, NOT DIVIDED","TWO-WAY, NOT DIVIDED",STOP SIGN,NO CONTROLS,,NONE,NOT CODED,NOT CODED,NONE,NOT CODED,NOT CODED,14 MOTOR VEHICLE IN TRANSPORT,03 ANGLE,03 TURNING LEFT,FAILED TO YIELD RIGHT-OF-WAY,NO CONTRIBUTING ACTION,00 NOT CODED,00 NOT CODED,00 NOT CODED,00 NOT CODED,01 NO,1,0,1,0,2,0,2,2,N,N,N,Y,N,N,N,N,N,N,N,N,N,N,N,Y,N,N,N,N,N,N,N,N,N,N,26.736624945,-80.064332866,593050.161674,2957606.412417,C,U,ARBM15Q1R2,"February 27, 2022",541666,-8912721.0624209,3090605.4903626842
2014846477910,2014,846477910,20140003897,CITY POLICE DEPARTMENT,04 FOURTH,PALM BEACH,"March 3, 2014",0743,TUESDAY,9394 WEST PALM BEACH,0694,Y,OKEECHOBEE BLVD,RIVERWALK BLVD,0.028,W,0,0,26.7081204,-80.1580072,93280000,2.642,01723,SR 704,,L LEFT,4 THRU LANE 4,W WEST,33 SUBURBAN 6+LN 2WY DIVD RASD,05 LOCAL,01 NON-JUNCTION,01 ON ROADWAY,01 NOT AT INTERSECTION,03 CURB,41,"June 2, 2014",14 URBAN PRIN ART OTHER,48,PAVED,5,LAWN,12,,0,35,54500,RCI,3.6,,50,2 POSSIBLE INJURY,31 Q/C COMPLETED - LOC VERIFIED,0 NO,03 INFLUENCED BY INTERSECTION,01 DAYLIGHT,01 CLEAR,01 DRY,01 LEVEL,1 STRAIGHT,"TWO-WAY, DIVIDED, POSITIVE MED","TWO-WAY, DIVIDED, POSITIVE MED",NO CONTROLS,NO CONTROLS,8,NONE,NOT CODED,NOT CODED,NONE,NOT CODED,NOT CODED,14 MOTOR VEHICLE IN TRANSPORT,03 ANGLE,06 CHANGING LANES,NO CONTRIBUTING ACTION,NO CONTRIBUTING ACTION,00 NOT CODED,00 NOT CODED,00 NOT CODED,00 NOT CODED,01 NO,1,0,0,0,3,0,3,4,N,N,N,Y,N,N,N,N,N,N,N,N,N,N,N,N,N,N,N,N,N,Y,Y,N,N,N,26.7083286,-80.158075449,583747.941828,2954407.183127,L,,ARBM15Q1R2,"February 27, 2022",541667,-8923156.442022271,3087078.89684875
2014846476070,2014,846476070,20140003260,CITY POLICE DEPARTMENT,04 FOURTH,PALM BEACH,"February 21, 2014",0753,SATURDAY,9394 WEST PALM BEACH,0694,Y,BELVEDERE RD,MERCER AVE,0.019,E,0,0,26.690837,-80.071078,93503500,2.625,,,,L LEFT,L LEFT TURN,U UNNWN,,77 ALL OTHER,88 UNKNOWN,88 UNKNOWN,77 OTHER (SEE NARRATIVE),01 PAVED,0,"December 31, 2000",,,,0,,0,,0,,,RCI,0,,,1 NO INJURY,33 Q/C VERIFIED AS OFF-SYSTEM,0 NO,77 ALL OTHER,88 UNKNOWN,77 OTHER (SEE NARRATIVE),88 UNKNOWN,01 LEVEL,1 STRAIGHT,UNKNOWN,UNKNOWN,UNKNOWN,UNKNOWN,,UNKNOWN,NOT CODED,NOT CODED,UNKNOWN,NOT CODED,NOT CODED,14 MOTOR VEHICLE IN TRANSPORT,88 UNKNOWN,88 UNKNOWN,OTHER CONTRIBUTING ACTION,OTHER CONTRIBUTING ACTION,00 NOT CODED,00 NOT CODED,00 NOT CODED,00 NOT CODED,01 NO,0,0,0,0,2,0,2,2,N,N,N,N,N,N,N,N,N,N,N,N,N,N,N,N,N,N,N,N,N,N,N,N,N,N,26.690845079,-80.07109733,592414.3731,2952530.7514,L,U,ARBM15Q1R2,"February 27, 2022",541993,-8913474.0792557,3084900.3516436815
2014846476080,2014,846476080,20140003267,CITY POLICE DEPARTMENT,04 FOURTH,PALM BEACH,"February 21, 2014",0924,SATURDAY,9394 WEST PALM BEACH,0694,Y,GREGORY RD,GEORGIA AVE,0,E,0,0,26.646165,-80.05875,93000234,0.151,,,,R RIGHT,1 THRU LANE 1,U UNNWN,,77 ALL OTHER,88 UNKNOWN,88 UNKNOWN,77 OTHER (SEE NARRATIVE),01 PAVED,0,"December 31, 2000",,,,0,,0,,0,,,RCI,0,,,1 NO INJURY,33 Q/C VERIFIED AS OFF-SYSTEM,0 NO,77 ALL OTHER,88 UNKNOWN,77 OTHER (SEE NARRATIVE),88 UNKNOWN,01 LEVEL,1 STRAIGHT,UNKNOWN,,UNKNOWN,NOT CODED,,UNKNOWN,NOT CODED,NOT CODED,UNKNOWN,NOT CODED,NOT CODED,14 MOTOR VEHICLE IN TRANSPORT,88 UNKNOWN,88 UNKNOWN,OTHER CONTRIBUTING ACTION,NOT CODED,00 NOT CODED,00 NOT CODED,00 NOT CODED,00 NOT CODED,01 NO,0,0,0,0,1,0,1,1,N,N,N,N,N,N,N,N,N,N,N,N,N,N,N,N,N,N,N,N,N,Y,Y,N,N,N,26.64616509,-80.058747336,593679.6045,2947590.8702,C,U,ARBM15Q1R2,"February 27, 2022",541994,-8912099.283596983,3079334.4902734966
2014846476090,2014,846476090,20140003268,CITY POLICE DEPARTMENT,04 FOURTH,PALM BEACH,"February 21, 2014",1111,SATURDAY,9394 WEST PALM BEACH,0694,Y,PARKER AVE,SOUTHERN BLVD,0.009,S,0,0,26.6758928,-80.0634928,93120000,20.34,00374,SR 80,US 98,S SIDE RD RIGHT,L LEFT TURN,U UNNWN,21 URBAN 4-5LN 2WY DIVD PAVD,77 ALL OTHER,88 UNKNOWN,88 UNKNOWN,77 OTHER (SEE NARRATIVE),01 PAVED,44,"June 26, 2012",14 URBAN PRIN ART OTHER,21,PAVED,4,CURB&GUTTER,2,,0,11,21400,RCI,5.5,,35,1 NO INJURY,31 Q/C COMPLETED - LOC VERIFIED,0 NO,02 AT INTERSECTION,88 UNKNOWN,77 OTHER (SEE NARRATIVE),88 UNKNOWN,01 LEVEL,1 STRAIGHT,UNKNOWN,UNKNOWN,UNKNOWN,UNKNOWN,4,UNKNOWN,NOT CODED,NOT CODED,UNKNOWN,NOT CODED,NOT CODED,14 MOTOR VEHICLE IN TRANSPORT,88 UNKNOWN,88 UNKNOWN,OTHER CONTRIBUTING ACTION,OTHER CONTRIBUTING ACTION,00 NOT CODED,00 NOT CODED,00 NOT CODED,00 NOT CODED,01 NO,0,0,0,0,2,0,2,2,N,N,N,Y,N,N,N,N,N,N,N,N,N,N,N,N,N,N,N,N,Y,N,N,N,N,N,26.675952341,-80.063642494,593168.183902,2950886.608535,C,,ARBM15Q1R2,"February 27, 2022",541995,-8912644.210359873,3083044.8959234953
2014846478790,2014,846478790,20140004201,CITY POLICE DEPARTMENT,04 FOURTH,PALM BEACH,"March 8, 2014",0322,SUNDAY,9394 WEST PALM BEACH,0694,Y,S AUSTRALIAN AVE,WORTHINGTON RD,0,E,0,0,26.695621,-80.074661,93650000,1.398,,,,I INTERSECTION,M MIDDLE,N NORTH,,04 COUNTY,02 INTERSECTION,01 ON ROADWAY,02 FOUR-WAY INTERSECTION,03 CURB,0,"December 31, 2000",,,,0,,0,,0,,,RCI,0,,,1 NO INJURY,33 Q/C VERIFIED AS OFF-SYSTEM,0 NO,02 AT INTERSECTION,04 DARK-LIGHTED,01 CLEAR,01 DRY,01 LEVEL,1 STRAIGHT,"TWO-WAY, DIVIDED, POSITIVE MED","TWO-WAY, DIVIDED, POSITIVE MED",NO CONTROLS,NO CONTROLS,,NONE,NOT CODED,NOT CODED,NONE,NOT CODED,NOT CODED,14 MOTOR VEHICLE IN TRANSPORT,03 ANGLE,03 TURNING LEFT,FAILED TO YIELD RIGHT-OF-WAY,NO CONTRIBUTING ACTION,00 NOT CODED,00 NOT CODED,00 NOT CODED,00 NOT CODED,01 NO,0,0,0,0,2,0,2,2,N,N,N,Y,N,N,N,N,N,N,N,N,N,N,N,N,N,N,N,N,N,N,N,N,N,N,26.695625078,-80.074657329,592056.3371,2953057.6241,L,U,ARBM15Q1R2,"February 27, 2022",541996,-8913870.376640255,3085495.933235966
2014846478820,2014,846478820,20140004212,CITY POLICE DEPARTMENT,04 FOURTH,PALM BEACH,"March 8, 2014",0949,SUNDAY,9394 WEST PALM BEACH,0694,Y,SOUTHERN BLVD,LAKE AVE,0,,0,0,26.6758561,-80.0607849,93120000,20.508,00375,SR 80,US 98,R RIGHT,1 THRU LANE 1,E EAST,21 URBAN 4-5LN 2WY DIVD PAVD,03 STATE,02 INTERSECTION,01 ON ROADWAY,02 FOUR-WAY INTERSECTION,03 CURB,40,"June 26, 2012",14 URBAN PRIN ART OTHER,21,RAISED CURB,0,,0,,0,12,21400,RCI,5.5,,35,2 POSSIBLE INJURY,31 Q/C COMPLETED - LOC VERIFIED,0 NO,02 AT INTERSECTION,01 DAYLIGHT,01 CLEAR,01 DRY,04 DOWNHILL,1 STRAIGHT,"TWO-WAY, NOT DIVIDED","TWO-WAY, NOT DIVIDED",TRAFFIC CONTROL SIGNAL,TRAFFIC CONTROL SIGNAL,4,NONE,NOT CODED,NOT CODED,NONE,NOT CODED,NOT CODED,14 MOTOR VEHICLE IN TRANSPORT,03 ANGLE,01 STRAIGHT AHEAD,RAN RED LIGHT,NO CONTRIBUTING ACTION,00 NOT CODED,00 NOT CODED,00 NOT CODED,00 NOT CODED,01 NO,3,0,0,0,2,0,2,3,N,N,N,Y,N,N,N,N,N,N,N,N,N,N,N,N,N,N,N,N,N,N,N,N,N,N,26.675840328,-80.060934192,593437.767458,2950876.18191,C,,ARBM15Q1R2,"February 27, 2022",541997,-8912342.723475894,3083030.941416629
2014846478900,2014,846478900,20140004240,CITY POLICE DEPARTMENT,04 FOURTH,PALM BEACH,"March 8, 2014",2007,SUNDAY,9394 WEST PALM BEACH,0694,Y,NORTHLAKE BLVD,BEELINE HWY,1.3,W,0,0,26.811047,-80.173822,93680500,2.357,,,,L LEFT,2 THRU LANE 2,W WEST,,04 COUNTY,01 NON-JUNCTION,01 ON ROADWAY,01 NOT AT INTERSECTION,02 UNPAVED,0,"December 31, 2000",,,,0,,0,,0,,,RCI,0,,,4 INCAPACITATING INJURY,33 Q/C VERIFIED AS OFF-SYSTEM,0 NO,01 NOT AT INTERSECTION/RRX/BRIDGE,04 DARK-LIGHTED,01 CLEAR,01 DRY,01 LEVEL,1 STRAIGHT,"TWO-WAY, DIVIDED, UNPROTECTED","TWO-WAY, DIVIDED, UNPROTECTED",NO CONTROLS,NO CONTROLS,,NONE,NOT CODED,NOT CODED,NONE,NOT CODED,NOT CODED,14 MOTOR VEHICLE IN TRANSPORT,01 FRONT TO REAR,01 STRAIGHT AHEAD,NO CONTRIBUTING ACTION,NO CONTRIBUTING ACTION,00 NOT CODED,00 NOT CODED,00 NOT CODED,00 NOT CODED,"02 YES, SCHOOL BUS DIRECTLY INVOL",5,0,2,0,2,0,2,6,N,N,Y,N,N,N,N,N,N,N,Y,N,N,N,N,N,Y,N,N,N,N,N,N,N,N,N,26.811050801,-80.17382183,582107.677676,2965774.684117,L,R,ARBM15Q1R2,"February 27, 2022",541998,-8924909.321934089,3099885.429195306
2014846484940,2014,846484940,20140006648,CITY POLICE DEPARTMENT,04 FOURTH,PALM BEACH,"April 14, 2014",1555,TUESDAY,9394 WEST PALM BEACH,0694,Y,OKEECHOBEE BLVD,SAPODILLA AVE S,0.019,W,0,0,26.7058142,-80.058871,93280000,8.771,04507,SR 704,,L LEFT,3 THRU LANE 3,U UNNWN,30 URBAN 6+LN 2WY DIVD RASD,04 COUNTY,03 INTERSECTION-RELATED,01 ON ROADWAY,01 NOT AT INTERSECTION,03 CURB,36,"June 2, 2014",14 URBAN PRIN ART OTHER,47,CURB&GUTTER,2,,0,,0,90,43500,RCI,3.6,,40,2 POSSIBLE INJURY,31 Q/C COMPLETED - LOC VERIFIED,0 NO,03 INFLUENCED BY INTERSECTION,77 OTHER (EXPLAIN IN NARRATIVE),03 RAIN,02 WET,01 LEVEL,1 STRAIGHT,"TWO-WAY, DIVIDED, POSITIVE MED","TWO-WAY, DIVIDED, POSITIVE MED",NO CONTROLS,NO CONTROLS,8,"RD SURFC (WET, ICY, SNOW, ETC)",NOT CODED,NOT CODED,WEATHER CONDITIONS,NOT CODED,NOT CODED,14 MOTOR VEHICLE IN TRANSPORT,01 FRONT TO REAR,01 STRAIGHT AHEAD,FOLLOWED TOO CLOSELY,FOLLOWED TOO CLOSELY,00 NOT CODED,00 NOT CODED,00 NOT CODED,00 NOT CODED,01 NO,1,0,0,0,4,0,4,4,N,N,N,Y,N,N,N,N,N,N,N,N,N,N,N,N,N,N,N,N,Y,N,N,N,N,N,26.706145075,-80.058552723,593649.961825,2954234.582947,L,,ARBM15Q1R2,"February 27, 2022",541999,-8912077.619653186,3086806.799236346
2014846495870,2014,846495870,20140011070,CITY POLICE DEPARTMENT,04 FOURTH,PALM BEACH,"June 24, 2014",1546,WEDNESDAY,9394 WEST PALM BEACH,0694,Y,OKEECHOBEE BLVD,LOXAHATCHEE DR,0.028,E,0,0,26.7063968,-80.0893755,93280000,6.882,01742,SR 704,,L LEFT,3 THRU LANE 3,W WEST,30 URBAN 6+LN 2WY DIVD RASD,03 STATE,01 NON-JUNCTION,01 ON ROADWAY,01 NOT AT INTERSECTION,03 CURB,31,"June 2, 2014",14 URBAN PRIN ART OTHER,44,PAVED,3,CURB&GUTTER,2,,0,17,47000,RCI,3.6,,45,1 NO INJURY,31 Q/C COMPLETED - LOC VERIFIED,0 NO,04 DRIVEWAY ACCESS,01 DAYLIGHT,02 CLOUDY,01 DRY,01 LEVEL,1 STRAIGHT,"TWO-WAY, DIVIDED, POSITIVE MED",UNKNOWN,STOP SIGN,UNKNOWN,8,NONE,NOT CODED,NOT CODED,NONE,NOT CODED,NOT CODED,14 MOTOR VEHICLE IN TRANSPORT,03 ANGLE,05 TURNING RIGHT,FAILED TO YIELD RIGHT-OF-WAY,OTHER CONTRIBUTING ACTION,00 NOT CODED,00 NOT CODED,00 NOT CODED,00 NOT CODED,01 NO,0,0,0,0,2,0,2,3,N,N,Y,N,N,N,N,N,N,N,N,N,N,N,N,N,N,N,N,N,N,Y,N,N,N,Y,26.70654135,-80.089187352,590602.128337,2954256.335339,L,,ARBM15Q1R2,"February 27, 2022",542050,-8915487.851892594,3086856.1801739326
2014846495880,2014,846495880,20140011075,CITY POLICE DEPARTMENT,04 FOURTH,PALM BEACH,"June 24, 2014",1708,WEDNESDAY,9394 WEST PALM BEACH,0694,Y,BANYAN BLVD,N TAMARIND AVE,0,E,0,0,26.714626,-80.061955,93000132,0.256,,,,I INTERSECTION,M MIDDLE,U UNNWN,,05 LOCAL,02 INTERSECTION,01 ON ROADWAY,02 FOUR-WAY INTERSECTION,03 CURB,0,"December 31, 2000",,,,0,,0,,0,,,RCI,0,,,1 NO INJURY,33 Q/C VERIFIED AS OFF-SYSTEM,0 NO,02 AT INTERSECTION,01 DAYLIGHT,02 CLOUDY,01 DRY,01 LEVEL,1 STRAIGHT,UNKNOWN,"TWO-WAY, NOT DIVIDED",UNKNOWN,TRAFFIC CONTROL SIGNAL,,NONE,NOT CODED,NOT CODED,NONE,NOT CODED,NOT CODED,14 MOTOR VEHICLE IN TRANSPORT,03 ANGLE,88 UNKNOWN,OTHER CONTRIBUTING ACTION,NO CONTRIBUTING ACTION,00 NOT CODED,00 NOT CODED,00 NOT CODED,00 NOT CODED,01 NO,0,0,0,0,2,0,2,2,N,N,N,Y,N,N,N,N,N,N,N,N,N,N,N,N,N,N,N,N,N,N,N,N,N,N,26.71462502,-80.061955028,593304.588577,2955171.356851,C,U,ARBM15Q1R2,"February 27, 2022",542051,-8912456.362594288,3087863.5485362383
2014846495890,2014,846495890,20140011081,CITY POLICE DEPARTMENT,04 FOURTH,PALM BEACH,"June 24, 2014",1822,WEDNESDAY,9394 WEST PALM BEACH,0694,Y,BANYAN BLVD,TAMARIND AVE,0.001,E,0,0,26.714625,-80.06194,93000132,0.257,,,,I INTERSECTION,M MIDDLE,U UNNWN,,05 LOCAL,01 NON-JUNCTION,01 ON ROADWAY,02 FOUR-WAY INTERSECTION,03 CURB,0,"December 31, 2000",,,,0,,0,,0,,,RCI,0,,,1 NO INJURY,33 Q/C VERIFIED AS OFF-SYSTEM,0 NO,01 NOT AT INTERSECTION/RRX/BRIDGE,01 DAYLIGHT,01 CLEAR,01 DRY,01 LEVEL,1 STRAIGHT,UNKNOWN,"TWO-WAY, NOT DIVIDED",UNKNOWN,NO CONTROLS,,NONE,NOT CODED,NOT CODED,NONE,NOT CODED,NOT CODED,14 MOTOR VEHICLE IN TRANSPORT,"05 SIDESWIPE, OPPOSITE DIRECTION",88 UNKNOWN,OTHER CONTRIBUTING ACTION,NO CONTRIBUTING ACTION,00 NOT CODED,00 NOT CODED,00 NOT CODED,00 NOT CODED,01 NO,0,0,0,0,2,0,2,2,N,N,N,N,Y,N,N,N,N,N,N,N,N,N,N,N,N,N,N,N,N,N,N,N,N,N,26.714624671,-80.061940009,593306.082815,2955171.329161,C,U,ARBM15Q1R2,"February 27, 2022",542052,-8912454.690754538,3087863.504998445
2014846495940,2014,846495940,20140011092,CITY POLICE DEPARTMENT,04 FOURTH,PALM BEACH,"June 24, 2014",2309,WEDNESDAY,9394 WEST PALM BEACH,0694,Y,RIVERWALK CIR,NILE RIVER RD,0.009,S,0,0,26.718017,-80.167558,93A11282,,,,,L LEFT,S SIDE OF ROAD,N NORTH,,05 LOCAL,01 NON-JUNCTION,02 OFF ROADWAY,01 NOT AT INTERSECTION,02 UNPAVED,0,"December 31, 2000",,,,0,,0,,0,,,RCI,0,,,3 NO-INCAPACITATING INJURY,33 Q/C VERIFIED AS OFF-SYSTEM,1 ALC,01 NOT AT INTERSECTION/RRX/BRIDGE,04 DARK-LIGHTED,01 CLEAR,01 DRY,01 LEVEL,2 CURVE RIGHT,"TWO-WAY, NOT DIVIDED",,NO CONTROLS,NOT CODED,,NONE,NOT CODED,NOT CODED,NONE,NOT CODED,NOT CODED,37 FENCE,77 OTHER (SEE NARRATIVE),01 STRAIGHT AHEAD,OPERATED MV IN CARLESS OR NEGL,NOT CODED,00 NOT CODED,00 NOT CODED,00 NOT CODED,00 NOT CODED,01 NO,1,0,0,0,1,0,1,1,N,N,N,N,Y,N,N,Y,N,N,N,N,N,N,N,N,N,N,N,N,N,N,N,N,N,N,26.718017401,-80.167560902,582797.35516,2955474.134261,C,U,ARBM15Q1R2,"February 27, 2022",542054,-8924212.358156059,3088286.3201707937
2014846490450,2014,846490450,20140008738,CITY POLICE DEPARTMENT,04 FOURTH,PALM BEACH,"May 17, 2014",2209,SUNDAY,9394 WEST PALM BEACH,0694,Y,MONROE DR,S DIXIE HWY,0.1,W,0,0,26.679721,-80.056238,93A12514,0.404,,,,L LEFT,1 THRU LANE 1,0,,05 LOCAL,01 NON-JUNCTION,01 ON ROADWAY,01 NOT AT INTERSECTION,01 PAVED,0,"December 31, 2000",,,,0,,0,,0,,,RCI,0,,,1 NO INJURY,33 Q/C VERIFIED AS OFF-SYSTEM,0 NO,01 NOT AT INTERSECTION/RRX/BRIDGE,04 DARK-LIGHTED,01 CLEAR,01 DRY,01 LEVEL,1 STRAIGHT,UNKNOWN,"TWO-WAY, NOT DIVIDED",NO CONTROLS,NO CONTROLS,,NONE,NOT CODED,NOT CODED,NONE,NOT CODED,NOT CODED,15 PARKED MOTOR VEHICLE,"05 SIDESWIPE, OPPOSITE DIRECTION",01 STRAIGHT AHEAD,OTHER CONTRIBUTING ACTION,NOT CODED,00 NOT CODED,00 NOT CODED,00 NOT CODED,00 NOT CODED,01 NO,0,0,0,0,1,0,2,1,N,N,N,N,Y,N,N,N,N,N,N,N,N,N,N,N,N,N,N,N,N,N,N,N,N,N,26.679721953,-80.056237995,593901.888165,2951309.570398,C,U,ARBM15Q1R2,"February 27, 2022",542105,-8911819.945054106,3083514.521309633
2014846495640,2014,846495640,20140010947,CITY POLICE DEPARTMENT,04 FOURTH,PALM BEACH,"June 22, 2014",1815,MONDAY,9394 WEST PALM BEACH,0694,Y,S AUSTRALIAN AVE,BANYAN BLVD,0.095,S,0,0,26.712782,-80.064912,93025500,0.38,,,,R RIGHT,1 THRU LANE 1,N NORTH,,04 COUNTY,01 NON-JUNCTION,01 ON ROADWAY,01 NOT AT INTERSECTION,03 CURB,0,"December 31, 2000",,,,0,,0,,0,,,RCI,0,,,3 NO-INCAPACITATING INJURY,33 Q/C VERIFIED AS OFF-SYSTEM,0 NO,01 NOT AT INTERSECTION/RRX/BRIDGE,01 DAYLIGHT,01 CLEAR,01 DRY,01 LEVEL,1 STRAIGHT,"TWO-WAY, DIVIDED, POSITIVE MED","TWO-WAY, DIVIDED, POSITIVE MED",NO CONTROLS,"PERSON (INCLUDING FLAGMAN, OFF",,NONE,NOT CODED,NOT CODED,NONE,NOT CODED,NOT CODED,01 OVERTURN/ROLLOVER,01 FRONT TO REAR,01 STRAIGHT AHEAD,OTHER CONTRIBUTING ACTION,OTHER CONTRIBUTING ACTION,00 NOT CODED,00 NOT CODED,00 NOT CODED,00 NOT CODED,01 NO,2,0,0,0,2,0,2,3,N,N,N,N,N,N,N,N,N,N,N,N,N,N,N,N,N,N,N,N,N,Y,N,Y,N,N,26.712784172,-80.064906859,593012.459018,2954965.300066,R,U,ARBM15Q1R2,"February 27, 2022",542106,-8912784.959002007,3087634.139989141